CustomerID,CustomerName,CustomerSegment,City,State
C00001,Ishita Rao,Consumer,Ranchi,Jharkhand
C00002,Ananya Kumar,Consumer,Ranchi,Jharkhand
C00003,Rahul Singh,Corporate,Kochi,Kerala
C00004,Nikhil Reddy,Consumer,Chennai,Tamil Nadu
C00005,Pooja Mehta,Consumer,Raipur,Chhattisgarh
C00006,Sanjay Mehta,Small Business,Jaipur,Rajasthan
C00007,Meera Mishra,Consumer,Hyderabad,Telangana
C00008,Neha Yadav,Consumer,Chennai,Tamil Nadu
C00009,Vikram Kumar,Corporate,Ranchi,Jharkhand
C00010,Vikram Naidu,Consumer,New Delhi,Delhi
C00011,  Manish Verma  ,Corporate,Ranchi,Jharkhand
C00012,Aditya Iyer,Consumer,Bengaluru,Karnataka
C00013,Aditya Das,Premium,Bhubaneswar,Odisha
C00014,Arjun Nair,Premium,Panaji,Goa
C00015,Ravi Gupta,Small Business,Bhubaneswar,Odisha
C00016,Ravi Sharma,Consumer,New Delhi,Delhi
C00017,Ravi Singh,Consumer,Mumbai,Maharashtra
C00018,Vikram Joshi,Corporate,Patna,Bihar
C00019,Sanjay Mehta,Consumer,Raipur,Chhattisgarh
C00020,Aditya Rao,Consumer,Jaipur,Rajasthan
C00021,Pooja Naidu,Consumer,Chennai,Tamil Nadu
C00022,Sneha Patel,Consumer,Indore,Madhya Pradesh
C00023,Meera Mishra,Consumer,Ranchi,Jharkhand
C00024,Sanjay Reddy,Corporate,Patna,Bihar
C00025,Aditya Patel,Consumer,Ahmedabad,Gujarat
C00026,Manish Kumar,Premium,Patna,Bihar
C00027,Arjun Kumar,Consumer,Jaipur,Rajasthan
C00028,Priya Reddy,Consumer,Mumbai,Maharashtra
C00029,Vivaan Patel,Consumer,Kolkata,West Bengal
C00030,Ananya Nair,Corporate,Kochi,Kerala
C00031,Kiran Mishra,Consumer,Patna,Bihar
C00032,Meera Yadav,Small Business,Mumbai,Maharashtra
C00033,Aarav Verma,Consumer,Lucknow,Uttar Pradesh
C00034,Rahul Patel,Corporate,Kochi,Kerala
C00035,Ananya Singh,Consumer,Ranchi,Jharkhand
C00036,Manish Joshi,Consumer,Bengaluru,Karnataka
C00037,Ravi Reddy,Premium,Hyderabad,Telangana
C00038,Pooja Reddy,Small Business,Bengaluru,Karnataka
C00039,Manish Patel,Small Business,Patna,Bihar
C00040,Neha Mehta,Corporate,Ranchi,Jharkhand
C00041,Ishita Das,Corporate,Ludhiana,Punjab
C00042,Vikram Joshi,Small Business,Chennai,Tamil Nadu
C00043,Priya Mehta,Corporate,Indore,Madhya Pradesh
C00044,Rahul Singh,Consumer,Ahmedabad,Gujarat
C00045,Priya Kumar,Consumer,Panaji,Goa
C00046,Vikram Rao,Consumer,Panaji,Goa
C00047,Vikram Gupta,Corporate,Bhubaneswar,Odisha
C00048,Rahul Singh,Premium,Ahmedabad,Gujarat
C00049,Manish Mishra,Consumer,Kolkata,West Bengal
C00050,Priya Joshi,Small Business,New Delhi,Delhi
C00051,Pooja Patel,Corporate,New Delhi,Delhi
C00052,Ishita Iyer,Consumer,Patna,Bihar
C00053,Meera Sharma,Corporate,Kochi,Kerala
C00054,Sneha Mishra,Consumer,Kochi,Kerala
C00055,Kavya Iyer,Small Business,Ranchi,Jharkhand
C00056,Neha Reddy,Premium,Hyderabad,Telangana
C00057,Aditya Naidu,Small Business,Bhubaneswar,Odisha
C00058,Ananya Nair,Small Business,Ranchi,Jharkhand
C00059,Ishita Yadav,Consumer,Ranchi,Jharkhand
C00060,Meera Nair,Consumer,Ranchi,Jharkhand
C00061,Kavya Kumar,Corporate,Lucknow,Uttar Pradesh
C00062,Aarav Nair,Consumer,Kochi,Kerala
C00063,Sneha Das,Small Business,Kolkata,West Bengal
C00064,Sneha Verma,Corporate,Bhubaneswar,Odisha
C00065,Manish Mishra,Consumer,Chennai,Tamil Nadu
C00066,Meera Reddy,Corporate,Chennai,Tamil Nadu
C00067,Ananya Yadav,Corporate,Bhubaneswar,Odisha
C00068,Meera Rao,Small Business,Bhubaneswar,Odisha
C00069,Ishita Iyer,Consumer,Patna,Bihar
C00070,Sneha Rao,Consumer,Vijayawada,Andhra Pradesh
C00071,Aditya Reddy,Consumer,Ranchi,Jharkhand
C00072,Meera Gupta,Small Business,Raipur,Chhattisgarh
C00073,Neha Naidu,Small Business,Kochi,Kerala
C00074,Kavya Verma,Consumer,Raipur,Chhattisgarh
C00075,Nikhil Sharma,Premium,Ludhiana,Punjab
C00076,Ananya Reddy,Small Business,Kolkata,West Bengal
C00077,Kavya Reddy,Corporate,Indore,Madhya Pradesh
C00078,Aarav Iyer,Consumer,Chennai,Tamil Nadu
C00079,Priya Das,Consumer,Hyderabad,Telangana
C00080,Nikhil Verma,Consumer,Patna,Bihar
C00081,Vikram Joshi,Small Business,Bengaluru,Karnataka
C00082,Sneha Reddy,Premium,Raipur,Chhattisgarh
C00083,Sanjay Iyer,Small Business,Bengaluru,Karnataka
C00084,Aarav Reddy,Premium,Mumbai,Maharashtra
C00085,Pooja Kumar,Consumer,Bengaluru,Karnataka
C00086,Pooja Yadav,Consumer,Ludhiana,Punjab
C00087,Rahul Verma,Small Business,Vijayawada,Andhra Pradesh
C00088,Ravi Patel,Premium,Chennai,Tamil Nadu
C00089,Pooja Yadav,Consumer,Mumbai,Maharashtra
C00090,Arjun Sharma,Corporate,Bengaluru,Karnataka
C00091,Ravi Naidu,Small Business,Ranchi,Jharkhand
C00092,Rahul Sharma,Small Business,Vijayawada,Andhra Pradesh
C00093,Manish Reddy,Corporate,Ranchi,Jharkhand
C00094,Ravi Mishra,Consumer,Bhubaneswar,Odisha
C00095,Rahul Reddy,Consumer,New Delhi,Delhi
C00096,Sneha Das,Corporate,Chennai,Tamil Nadu
C00097,Sanjay Verma,Small Business,Hyderabad,Telangana
C00098,Vivaan Patel,Consumer,Chennai,Tamil Nadu
C00099,Meera Joshi,Corporate,Hyderabad,Telangana
C00100,Sneha Sharma,Corporate,Ranchi,Jharkhand
C00101,Aarav Patel,Small Business,Bengaluru,Karnataka
C00102,Ananya Kumar,Consumer,Indore,Madhya Pradesh
C00103,Arjun Gupta,Consumer,Bhubaneswar,Odisha
C00104,Sneha Mehta,Corporate,Ranchi,Jharkhand
C00105,Neha Verma,Premium,Indore,Madhya Pradesh
C00106,Sneha Singh,Corporate,Chennai,Tamil Nadu
C00107,Pooja Singh,Premium,Lucknow,Uttar Pradesh
C00108,Arjun Kumar,Consumer,Ludhiana,Punjab
C00109,Ananya Yadav,Consumer,Kolkata,West Bengal
C00110,Nikhil Kumar,Consumer,New Delhi,Delhi
C00111,Vikram Nair,Corporate,Hyderabad,Telangana
C00112,Ananya Iyer,Consumer,Panaji,Goa
C00113,Ananya Mishra,Corporate,Chennai,Tamil Nadu
C00114,Kavya Rao,Consumer,Kochi,Kerala
C00115,Ananya Verma,Consumer,Mumbai,Maharashtra
C00116,Vivaan Nair,Corporate,New Delhi,Delhi
C00117,Meera Joshi,Corporate,Jaipur,Rajasthan
C00118,Kavya Rao,Small Business,Ludhiana,Punjab
C00119,Sneha Patel,Corporate,Ahmedabad,Gujarat
C00120,Sneha Rao,Consumer,Panaji,Goa
C00121,Meera Joshi,Premium,Patna,Bihar
C00122,Sanjay Joshi,Corporate,Indore,Madhya Pradesh
C00123,Ishita Patel,Small Business,Vijayawada,Andhra Pradesh
C00124,Kiran Verma,Consumer,Mumbai,Maharashtra
C00125,Vivaan Mishra,Consumer,Hyderabad,Telangana
C00126,Vivaan Singh,Consumer,Indore,Madhya Pradesh
C00127,Arjun Das,Small Business,New Delhi,Delhi
C00128,Manish Sharma,Small Business,Mumbai,Maharashtra
C00129,Sanjay Gupta,Consumer,Kolkata,West Bengal
C00130,Rahul Nair,Consumer,Ahmedabad,Gujarat
C00131,Kiran Joshi,Premium,Lucknow,Uttar Pradesh
C00132,Ananya Mehta,Consumer,Ranchi,Jharkhand
C00133,Pooja Kumar,Consumer,Bhubaneswar,Odisha
C00134,Manish Iyer,Consumer,Kolkata,West Bengal
C00135,Rahul Mehta,Consumer,Kolkata,West Bengal
C00136,Meera Kumar,Small Business,Lucknow,Uttar Pradesh
C00137,Nikhil Naidu,Small Business,Raipur,Chhattisgarh
C00138,Ravi Naidu,Consumer,Jaipur,Rajasthan
C00139,Ananya Mishra,Consumer,Lucknow,Uttar Pradesh
C00140,Ravi Mehta,Consumer,Panaji,Goa
C00141,Priya Yadav,Consumer,New Delhi,Delhi
C00142,Rahul Yadav,Consumer,Chennai,Tamil Nadu
C00143,Rahul Patel,Consumer,Ludhiana,Punjab
C00144,Nikhil Nair,Consumer,Mumbai,Maharashtra
C00145,Vivaan Singh,Small Business,Bengaluru,Karnataka
C00146,Sanjay Iyer,Corporate,Vijayawada,Andhra Pradesh
C00147,Pooja Mehta,Consumer,Panaji,Goa
C00148,Meera Rao,Corporate,Bhubaneswar,Odisha
C00149,Vikram Yadav,Consumer,Indore,Madhya Pradesh
C00150,Sneha Mehta,Small Business,Indore,Madhya Pradesh
C00151,Sneha Gupta,Corporate,Ahmedabad,Gujarat
C00152,Aditya Mishra,Consumer,Raipur,Chhattisgarh
C00153,Priya Mishra,Consumer,Jaipur,Rajasthan
C00154,Aarav Gupta,Premium,Lucknow,Uttar Pradesh
C00155,Kavya Gupta,Consumer,Ludhiana,Punjab
C00156,Vikram Patel,Consumer,Kochi,Kerala
C00157,Manish Das,Consumer,Jaipur,Rajasthan
C00158,Aditya Nair,Consumer,New Delhi,Delhi
C00159,Rohan Kumar,Corporate,Panaji,Goa
C00160,Meera Naidu,Corporate,Kolkata,West Bengal
C00161,Priya Naidu,Premium,Indore,Madhya Pradesh
C00162,Sneha Das,Premium,Bhubaneswar,Odisha
C00163,Ishita Verma,Consumer,Ludhiana,Punjab
C00164,Sneha Das,Consumer,Indore,Madhya Pradesh
C00165,Neha Naidu,Premium,Ludhiana,Punjab
C00166,Aditya Naidu,Consumer,Ludhiana,Punjab
C00167,Meera Naidu,Consumer,Patna,Bihar
C00168,Aarav Reddy,Consumer,Bhubaneswar,Odisha
C00169,Ishita Naidu,Premium,Lucknow,Uttar Pradesh
C00170,Sanjay Verma,Premium,New Delhi,Delhi
C00171,Ananya Reddy,Consumer,Vijayawada,Andhra Pradesh
C00172,Rahul Joshi,Small Business,Patna,Bihar
C00173,Manish Verma,Consumer,Vijayawada,Andhra Pradesh
C00174,Vivaan Rao,Consumer,Patna,Bihar
C00175,Aditya Yadav,Small Business,Ahmedabad,Gujarat
C00176,Pooja Mehta,Small Business,Kolkata,West Bengal
C00177,Meera Gupta,Consumer,Bhubaneswar,Odisha
C00178,Manish Patel,Corporate,Patna,Bihar
C00179,Sanjay Verma,Consumer,Vijayawada,Andhra Pradesh
C00180,Rohan Iyer,Consumer,Bengaluru,Karnataka
C00181,Ananya Das,Corporate,Bhubaneswar,Odisha
C00182,Rohan Patel,Small Business,Raipur,Chhattisgarh
C00183,Vikram Mehta,Consumer,Lucknow,Uttar Pradesh
C00184,Meera Nair,Consumer,Indore,Madhya Pradesh
C00185,Rohan Joshi,Consumer,Chennai,Tamil Nadu
C00186,Pooja Reddy,Consumer,Indore,Madhya Pradesh
C00187,Meera Gupta,Premium,New Delhi,Delhi
C00188,Kavya Singh,Consumer,Patna,Bihar
C00189,Aditya Reddy,Premium,Lucknow,Uttar Pradesh
C00190,Sanjay Das,Corporate,Jaipur,Rajasthan
C00191,Kiran Verma,Consumer,Hyderabad,Telangana
C00192,Vikram Kumar,Consumer,Raipur,Chhattisgarh
C00193,Vivaan Rao,Consumer,Hyderabad,Telangana
C00194,Vikram Verma,Corporate,Kochi,Kerala
C00195,Vikram Verma,Premium,Indore,Madhya Pradesh
C00196,Nikhil Mehta,Corporate,Panaji,Goa
C00197,Rohan Rao,Consumer,Ranchi,Jharkhand
C00198,Neha Rao,Premium,Raipur,Chhattisgarh
C00199,Sneha Naidu,Corporate,Mumbai,Maharashtra
C00200,Kavya Iyer,Consumer,Bhubaneswar,Odisha
C00201,Rahul Singh,Consumer,Indore,Madhya Pradesh
C00202,Vikram Mishra,Consumer,Mumbai,Maharashtra
C00203,Neha Singh,Small Business,Hyderabad,Telangana
C00204,Kavya Verma,Consumer,Patna,Bihar
C00205,Nikhil Nair,Small Business,Ranchi,Jharkhand
C00206,Pooja Yadav,Small Business,Kolkata,West Bengal
C00207,Arjun Kumar,Consumer,New Delhi,Delhi
C00208,Ananya Iyer,Premium,Jaipur,Rajasthan
C00209,Sneha Yadav,Consumer,Patna,Bihar
C00210,Manish Naidu,Consumer,Panaji,Goa
C00211,Aarav Sharma,Consumer,Mumbai,Maharashtra
C00212,Nikhil Verma,Consumer,Vijayawada,Andhra Pradesh
C00213,Vikram Sharma,Consumer,Patna,Bihar
C00214,Kavya Gupta,Consumer,Bengaluru,Karnataka
C00215,Pooja Verma,Consumer,Raipur,Chhattisgarh
C00216,Priya Gupta,Consumer,Kochi,Kerala
C00217,Aarav Singh,Small Business,Chennai,Tamil Nadu
C00218,Arjun Sharma,Consumer,Chennai,Tamil Nadu
C00219,Priya Sharma,Consumer,Vijayawada,Andhra Pradesh
C00220,Neha Mehta,Small Business,Mumbai,Maharashtra
C00221,Rohan Patel,Consumer,Lucknow,Uttar Pradesh
C00222,Manish Verma,Corporate,Mumbai,Maharashtra
C00223,Rahul Das,Premium,Ahmedabad,Gujarat
C00224,Priya Sharma,Consumer,Mumbai,Maharashtra
C00225,Meera Patel,Consumer,Indore,Madhya Pradesh
C00226,Vikram Kumar,Premium,Chennai,Tamil Nadu
C00227,Aarav Yadav,Consumer,Hyderabad,Telangana
C00228,Arjun Reddy,Corporate,Kochi,Kerala
C00229,Rahul Reddy,Corporate,New Delhi,Delhi
C00230,Pooja Mishra,Consumer,Jaipur,Rajasthan
C00231,Sanjay Joshi,Consumer,Mumbai,Maharashtra
C00232,Sanjay Mehta,Small Business,Ludhiana,Punjab
C00233,Rohan Patel,Consumer,Mumbai,Maharashtra
C00234,Nikhil Nair,Premium,Raipur,Chhattisgarh
C00235,Kiran Das,Consumer,Hyderabad,Telangana
C00236,Sneha Mehta,Corporate,Patna,Bihar
C00237,Rahul Joshi,Consumer,Mumbai,Maharashtra
C00238,Ravi Reddy,Consumer,Panaji,Goa
C00239,Vikram Gupta,Consumer,Bhubaneswar,Odisha
C00240,Pooja Das,Small Business,Bengaluru,Karnataka
C00241,Meera Mishra,Small Business,Mumbai,Maharashtra
C00242,Aditya Nair,Consumer,Mumbai,Maharashtra
C00243,Aditya Iyer,Consumer,Bhubaneswar,Odisha
C00244,Ishita Joshi,Premium,Kolkata,West Bengal
C00245,Aarav Yadav,Premium,Vijayawada,Andhra Pradesh
C00246,Neha Nair,Consumer,Bengaluru,Karnataka
C00247,Sanjay Reddy,Corporate,Jaipur,Rajasthan
C00248,Arjun Nair,Consumer,Indore,Madhya Pradesh
C00249,Vivaan Verma,Consumer,Kolkata,West Bengal
C00250,Vikram Iyer,Small Business,Jaipur,Rajasthan
C00251,Aarav Sharma,Consumer,Kochi,Kerala
C00252,Ravi Mishra,Consumer,Jaipur,Rajasthan
C00253,Kavya Kumar,Consumer,Ludhiana,Punjab
C00254,Ishita Iyer,Small Business,Lucknow,Uttar Pradesh
C00255,Neha Singh,Premium,Bhubaneswar,Odisha
C00256,Aditya Gupta,Consumer,Bhubaneswar,Odisha
C00257,Aarav Sharma,Corporate,Raipur,Chhattisgarh
C00258,Ananya Gupta,Consumer,Patna,Bihar
C00259,Sanjay Iyer,Corporate,Bhubaneswar,Odisha
C00260,Priya Kumar,Premium,Panaji,Goa
C00261,Arjun Iyer,Small Business,Vijayawada,Andhra Pradesh
C00262,Nikhil Yadav,Consumer,Kochi,Kerala
C00263,Priya Yadav,Small Business,Ahmedabad,Gujarat
C00264,Kavya Gupta,Consumer,Bhubaneswar,Odisha
C00265,Meera Iyer,Small Business,Hyderabad,Telangana
C00266,Manish Nair,Consumer,Bhubaneswar,Odisha
C00267,Manish Das,Small Business,Patna,Bihar
C00268,Sneha Reddy,Consumer,Indore,Madhya Pradesh
C00269,Meera Verma,Premium,Panaji,Goa
C00270,Nikhil Gupta,Small Business,Bengaluru,Karnataka
C00271,Sanjay Iyer,Consumer,Raipur,Chhattisgarh
C00272,Vikram Nair,Corporate,Panaji,Goa
C00273,Ananya Sharma,Premium,Ahmedabad,Gujarat
C00274,Sneha Verma,Consumer,Jaipur,Rajasthan
C00275,Kiran Rao,Consumer,Ahmedabad,Gujarat
C00276,Vikram Kumar,Corporate,Panaji,Goa
C00277,Vikram Sharma,Consumer,Bengaluru,Karnataka
C00278,Arjun Reddy,Small Business,Ranchi,Jharkhand
C00279,Sanjay Rao,Consumer,Jaipur,Rajasthan
C00280,Nikhil Kumar,Corporate,Mumbai,Maharashtra
C00281,Priya Verma,Consumer,Hyderabad,Telangana
C00282,Aarav Verma,Premium,Vijayawada,Andhra Pradesh
C00283,Pooja Iyer,Consumer,Vijayawada,Andhra Pradesh
C00284,Rahul Singh,Consumer,New Delhi,Delhi
C00285,Ishita Singh,Premium,Mumbai,Maharashtra
C00286,Aditya Naidu,Premium,Indore,Madhya Pradesh
C00287,Nikhil Nair,Consumer,Ahmedabad,Gujarat
C00288,Manish Singh,Corporate,Hyderabad,Telangana
C00289,Vivaan Mishra,Corporate,Panaji,Goa
C00290,Ananya Joshi,Consumer,Indore,Madhya Pradesh
C00291,Rohan Verma,Small Business,Hyderabad,Telangana
C00292,Kiran Nair,Small Business,Chennai,Tamil Nadu
C00293,Rohan Mishra,Consumer,Bhubaneswar,Odisha
C00294,Aditya Mehta,Small Business,Ahmedabad,Gujarat
C00295,Rahul Nair,Consumer,Bengaluru,Karnataka
C00296,Rahul Yadav,Consumer,Raipur,Chhattisgarh
C00297,Rohan Kumar,Consumer,Ahmedabad,Gujarat
C00298,Pooja Gupta,Consumer,Indore,Madhya Pradesh
C00299,Rahul Yadav,Small Business,Kochi,Kerala
C00300,Neha Mishra,Consumer,Kolkata,West Bengal
C00301,Sneha Das,Consumer,Lucknow,Uttar Pradesh
C00302,Rohan Kumar,Premium,Vijayawada,Andhra Pradesh
C00303,Sanjay Sharma,Consumer,Hyderabad,Telangana
C00304,Rohan Verma,Corporate,Bhubaneswar,Odisha
C00305,Sneha Mishra,Consumer,Panaji,Goa
C00306,Kiran Kumar,Premium,Panaji,Goa
C00307,Priya Mishra,Consumer,Hyderabad,Telangana
C00308,Kiran Joshi,Consumer,Ranchi,Jharkhand
C00309,Rohan Mishra,Consumer,Chennai,Tamil Nadu
C00310,Arjun Yadav,Consumer,Bengaluru,Karnataka
C00311,Kavya Reddy,Consumer,Raipur,Chhattisgarh
C00312,Sneha Joshi,Consumer,New Delhi,Delhi
C00313,Nikhil Kumar,Small Business,Indore,Madhya Pradesh
C00314,Kiran Verma,Consumer,Patna,Bihar
C00315,Manish Iyer,Consumer,Patna,Bihar
C00316,Manish Rao,Small Business,Ahmedabad,Gujarat
C00317,Kavya Sharma,Small Business,Ludhiana,Punjab
C00318,Ravi Patel,Premium,Bhubaneswar,Odisha
C00319,Ananya Singh,Consumer,Lucknow,Uttar Pradesh
C00320,Neha Naidu,Consumer,Ludhiana,Punjab
C00321,Vivaan Gupta,Consumer,Indore,Madhya Pradesh
C00322,Ananya Kumar,Corporate,New Delhi,Delhi
C00323,Kiran Kumar,Consumer,New Delhi,Delhi
C00324,Ananya Das,Consumer,Raipur,Chhattisgarh
C00325,Pooja Iyer,Consumer,Mumbai,Maharashtra
C00326,Kavya Naidu,Consumer,Jaipur,Rajasthan
C00327,Arjun Reddy,Small Business,Jaipur,Rajasthan
C00328,Neha Sharma,Consumer,Kolkata,West Bengal
C00329,Sanjay Das,Premium,Mumbai,Maharashtra
C00330,Priya Joshi,Corporate,Bhubaneswar,Odisha
C00331,Vikram Rao,Consumer,Kochi,Kerala
C00332,Meera Das,Consumer,Ranchi,Jharkhand
C00333,Neha Kumar,Consumer,Raipur,Chhattisgarh
C00334,Meera Yadav,Consumer,Kolkata,West Bengal
C00335,Kavya Gupta,Consumer,Kochi,Kerala
C00336,Priya Verma,Consumer,Ahmedabad,Gujarat
C00337,Vivaan Rao,Corporate,Patna,Bihar
C00338,Meera Iyer,Consumer,Kolkata,West Bengal
C00339,Vikram Mehta,Small Business,Indore,Madhya Pradesh
C00340,Manish Mishra,Consumer,Kochi,Kerala
C00341,Pooja Kumar,Consumer,Raipur,Chhattisgarh
C00342,Ishita Kumar,Consumer,Chennai,Tamil Nadu
C00343,Pooja Yadav,Consumer,Mumbai,Maharashtra
C00344,Nikhil Joshi,Small Business,Raipur,Chhattisgarh
C00345,Nikhil Nair,Consumer,Bhubaneswar,Odisha
C00346,Vikram Iyer,Consumer,Jaipur,Rajasthan
C00347,Nikhil Joshi,Corporate,Kolkata,West Bengal
C00348,Sneha Sharma,Consumer,Panaji,Goa
C00349,Sanjay Naidu,Consumer,Kolkata,West Bengal
C00350,Arjun Yadav,Small Business,Jaipur,Rajasthan
C00351,Vikram Mishra,Consumer,Mumbai,Maharashtra
C00352,Ananya Iyer,Consumer,Lucknow,Uttar Pradesh
C00353,Rahul Gupta,Premium,Patna,Bihar
C00354,Vikram Mishra,Premium,Raipur,Chhattisgarh
C00355,Meera Naidu,Small Business,Bengaluru,Karnataka
C00356,Aditya Verma,Consumer,Bhubaneswar,Odisha
C00357,Rahul Nair,Consumer,Kolkata,West Bengal
C00358,Vikram Singh,Corporate,Ludhiana,Punjab
C00359,Ananya Singh,Small Business,Ahmedabad,Gujarat
C00360,Rohan Mishra,Consumer,Kochi,Kerala
C00361,Aarav Sharma,Small Business,Ahmedabad,Gujarat
C00362,Aditya Mishra,Consumer,Ahmedabad,Gujarat
C00363,Ishita Nair,Consumer,Kolkata,West Bengal
C00364,Priya Naidu,Consumer,Chennai,Tamil Nadu
C00365,Arjun Sharma,Corporate,Ranchi,Jharkhand
C00366,Sanjay Yadav,Premium,Panaji,Goa
C00367,Vivaan Naidu,Small Business,Ludhiana,Punjab
C00368,Rahul Singh,Small Business,Chennai,Tamil Nadu
C00369,Pooja Verma,Small Business,Vijayawada,Andhra Pradesh
C00370,Neha Kumar,Consumer,Chennai,Tamil Nadu
C00371,Neha Patel,Corporate,Lucknow,Uttar Pradesh
C00372,Ishita Iyer,Premium,Lucknow,Uttar Pradesh
C00373,Nikhil Sharma,Consumer,Bengaluru,Karnataka
C00374,Pooja Das,Premium,Lucknow,Uttar Pradesh
C00375,Vikram Singh,Consumer,Mumbai,Maharashtra
C00376,Rahul Sharma,Corporate,New Delhi,Delhi
C00377,Kiran Rao,Small Business,Bhubaneswar,Odisha
C00378,Manish Mishra,Consumer,Patna,Bihar
C00379,Vikram Patel,Small Business,Panaji,Goa
C00380,Arjun Verma,Small Business,Bhubaneswar,Odisha
C00381,Aditya Nair,Consumer,Vijayawada,Andhra Pradesh
C00382,Vikram Kumar,Corporate,Indore,Madhya Pradesh
C00383,Vivaan Joshi,Consumer,Mumbai,Maharashtra
C00384,Vivaan Gupta,Small Business,Bengaluru,Karnataka
C00385,Aarav Rao,Small Business,Hyderabad,Telangana
C00386,Vikram Kumar,Consumer,Ludhiana,Punjab
C00387,Sanjay Singh,Corporate,Hyderabad,Telangana
C00388,Priya Mishra,Consumer,Patna,Bihar
C00389,Kiran Joshi,Consumer,Panaji,Goa
C00390,Vikram Mehta,Consumer,Bhubaneswar,Odisha
C00391,Ishita Das,Consumer,Lucknow,Uttar Pradesh
C00392,Ananya Patel,Consumer,New Delhi,Delhi
C00393,Ishita Naidu,Consumer,Ludhiana,Punjab
C00394,Vikram Kumar,Consumer,Chennai,Tamil Nadu
C00395,Ravi Sharma,Premium,Bengaluru,Karnataka
C00396,Sanjay Kumar,Corporate,Panaji,Goa
C00397,Ananya Yadav,Small Business,Kochi,Kerala
C00398,Nikhil Naidu,Small Business,Panaji,Goa
C00399,Arjun Nair,Corporate,New Delhi,Delhi
C00400,Manish Singh,Small Business,Kochi,Kerala
C00401,Neha Das,Small Business,Bengaluru,Karnataka
C00402,Kiran Das,Consumer,Lucknow,Uttar Pradesh
C00403,Aarav Yadav,Consumer,Lucknow,Uttar Pradesh
C00404,Kavya Singh,Consumer,Jaipur,Rajasthan
C00405,Ishita Reddy,Corporate,Vijayawada,Andhra Pradesh
C00406,Arjun Gupta,Consumer,Patna,Bihar
C00407,Sneha Kumar,Corporate,Chennai,Tamil Nadu
C00408,Kavya Iyer,Consumer,Mumbai,Maharashtra
C00409,Aarav Sharma,Small Business,Ahmedabad,Gujarat
C00410,Ishita Iyer,Consumer,Kochi,Kerala
C00411,Sanjay Reddy,Consumer,Indore,Madhya Pradesh
C00412,Ravi Yadav,Consumer,New Delhi,Delhi
C00413,Rahul Verma,Consumer,Ahmedabad,Gujarat
C00414,Vikram Iyer,Consumer,Jaipur,Rajasthan
C00415,Vivaan Gupta,Consumer,Raipur,Chhattisgarh
C00416,Sneha Kumar,Consumer,Kochi,Kerala
C00417,Sanjay Kumar,Consumer,Ludhiana,Punjab
C00418,Rahul Sharma,Consumer,Mumbai,Maharashtra
C00419,Rohan Yadav,Consumer,Ahmedabad,Gujarat
C00420,Ravi Yadav,Premium,Jaipur,Rajasthan
C00421,Vivaan Mehta,Consumer,Kolkata,West Bengal
C00422,Priya Nair,Consumer,Hyderabad,Telangana
C00423,Sanjay Naidu,Small Business,Kochi,Kerala
C00424,Pooja Joshi,Premium,Bhubaneswar,Odisha
C00425,Aarav Patel,Consumer,Panaji,Goa
C00426,Priya Naidu,Corporate,Panaji,Goa
C00427,Ravi Yadav,Premium,Raipur,Chhattisgarh
C00428,Vikram Verma,Consumer,Kochi,Kerala
C00429,Nikhil Naidu,Consumer,Mumbai,Maharashtra
C00430,Ishita Nair,Consumer,Ahmedabad,Gujarat
C00431,Vikram Patel,Consumer,Ludhiana,Punjab
C00432,Ishita Mishra,Corporate,Kochi,Kerala
C00433,Kiran Iyer,Consumer,Jaipur,Rajasthan
C00434,Ravi Iyer,Premium,Panaji,Goa
C00435,Manish Das,Consumer,Patna,Bihar
C00436,Rohan Verma,Corporate,Panaji,Goa
C00437,Priya Singh,Corporate,Ahmedabad,Gujarat
C00438,Kiran Rao,Consumer,Ludhiana,Punjab
C00439,Kiran Joshi,Consumer,Hyderabad,Telangana
C00440,Sneha Das,Consumer,Hyderabad,Telangana
C00441,Rahul Mehta,Small Business,Indore,Madhya Pradesh
C00442,Sneha Singh,Small Business,Jaipur,Rajasthan
C00443,Manish Kumar,Corporate,Ranchi,Jharkhand
C00444,Nikhil Sharma,Premium,Jaipur,Rajasthan
C00445,Kiran Reddy,Corporate,Indore,Madhya Pradesh
C00446,Nikhil Sharma,Consumer,Raipur,Chhattisgarh
C00447,Pooja Yadav,Consumer,Raipur,Chhattisgarh
C00448,Vikram Das,Small Business,Jaipur,Rajasthan
C00449,Priya Patel,Consumer,Vijayawada,Andhra Pradesh
C00450,Neha Mehta,Consumer,New Delhi,Delhi
C00451,Sanjay Naidu,Corporate,Indore,Madhya Pradesh
C00452,Vivaan Singh,Consumer,Ahmedabad,Gujarat
C00453,Ishita Kumar,Corporate,Panaji,Goa
C00454,Rahul Naidu,Premium,New Delhi,Delhi
C00455,Sanjay Mishra,Corporate,Patna,Bihar
C00456,Nikhil Yadav,Consumer,Kochi,Kerala
C00457,Aditya Gupta,Consumer,Chennai,Tamil Nadu
C00458,Rahul Nair,Premium,Patna,Bihar
C00459,Kavya Yadav,Consumer,Bhubaneswar,Odisha
C00460,Aditya Gupta,Consumer,Panaji,Goa
C00461,Ishita Patel,Consumer,Indore,Madhya Pradesh
C00462,Meera Singh,Small Business,Indore,Madhya Pradesh
C00463,Aarav Naidu,Consumer,Hyderabad,Telangana
C00464,Ananya Das,Consumer,Lucknow,Uttar Pradesh
C00465,Pooja Reddy,Corporate,Ludhiana,Punjab
C00466,Aditya Sharma,Consumer,Ahmedabad,Gujarat
C00467,Sneha Yadav,Consumer,Ranchi,Jharkhand
C00468,Neha Patel,Consumer,Kochi,Kerala
C00469,Vivaan Joshi,Consumer,Kochi,Kerala
C00470,Rahul Mehta,Premium,Ranchi,Jharkhand
C00471,Vivaan Nair,Small Business,Vijayawada,Andhra Pradesh
C00472,Sanjay Iyer,Consumer,Ludhiana,Punjab
C00473,Ananya Rao,Corporate,Chennai,Tamil Nadu
C00474,Kiran Naidu,Premium,Bengaluru,Karnataka
C00475,Aarav Patel,Consumer,Ludhiana,Punjab
C00476,Sneha Yadav,Consumer,Kolkata,West Bengal
C00477,Manish Mehta,Consumer,Mumbai,Maharashtra
C00478,Rohan Sharma,Small Business,Indore,Madhya Pradesh
C00479,Arjun Das,Premium,Raipur,Chhattisgarh
C00480,Sanjay Nair,Consumer,Lucknow,Uttar Pradesh
C00481,Ananya Naidu,Premium,Patna,Bihar
C00482,Rohan Singh,Consumer,Hyderabad,Telangana
C00483,Rohan Patel,Consumer,Lucknow,Uttar Pradesh
C00484,Pooja Mishra,Small Business,Ranchi,Jharkhand
C00485,Ravi Kumar,Small Business,Lucknow,Uttar Pradesh
C00486,Kiran Naidu,Consumer,Ranchi,Jharkhand
C00487,Ishita Singh,Corporate,Raipur,Chhattisgarh
C00488,Nikhil Yadav,Premium,Lucknow,Uttar Pradesh
C00489,Meera Mehta,Consumer,Panaji,Goa
C00490,Sanjay Gupta,Consumer,New Delhi,Delhi
C00491,Kiran Reddy,Consumer,Kochi,Kerala
C00492,Neha Mehta,Consumer,Hyderabad,Telangana
C00493,Manish Mishra,Consumer,Kochi,Kerala
C00494,Vikram Kumar,Consumer,Ludhiana,Punjab
C00495,Nikhil Mishra,Consumer,Mumbai,Maharashtra
C00496,Pooja Yadav,Premium,Kochi,Kerala
C00497,Rahul Nair,Consumer,Bengaluru,Karnataka
C00498,Manish Reddy,Consumer,Bengaluru,Karnataka
C00499,Neha Rao,Corporate,Chennai,Tamil Nadu
C00500,Pooja Iyer,Consumer,Raipur,Chhattisgarh
C00501,Ravi Mishra,Small Business,Lucknow,Uttar Pradesh
C00502,Kavya Naidu,Consumer,Ludhiana,Punjab
C00503,Vivaan Verma,Consumer,Chennai,Tamil Nadu
C00504,Kavya Naidu,Consumer,Vijayawada,Andhra Pradesh
C00505,Ishita Reddy,Consumer,Mumbai,Maharashtra
C00506,Kavya Rao,Corporate,Lucknow,Uttar Pradesh
C00507,Pooja Kumar,Consumer,Kochi,Kerala
C00508,Ishita Das,Consumer,Panaji,Goa
C00509,Manish Mehta,Consumer,Kolkata,West Bengal
C00510,Neha Verma,Consumer,Kochi,Kerala
C00511,Sneha Yadav,Premium,Bengaluru,Karnataka
C00512,Vivaan Verma,Consumer,Panaji,Goa
C00513,Ananya Naidu,Corporate,Raipur,Chhattisgarh
C00514,Rahul Patel,Corporate,Hyderabad,Telangana
C00515,Vivaan Nair,Consumer,Ludhiana,Punjab
C00516,Priya Yadav,Consumer,Ranchi,Jharkhand
C00517,Vivaan Mehta,Corporate,Kolkata,West Bengal
C00518,Meera Mehta,Consumer,Patna,Bihar
C00519,Kavya Patel,Corporate,New Delhi,Delhi
C00520,Vikram Rao,Corporate,Indore,Madhya Pradesh
C00521,Pooja Yadav,Consumer,Patna,Bihar
C00522,Neha Gupta,Small Business,Ranchi,Jharkhand
C00523,Sneha Sharma,Consumer,Ahmedabad,Gujarat
C00524,Sneha Patel,Small Business,Bhubaneswar,Odisha
C00525,Aditya Gupta,Corporate,Ahmedabad,Gujarat
C00526,Aditya Das,Small Business,Kochi,Kerala
C00527,Rohan Nair,Premium,Bhubaneswar,Odisha
C00528,Ravi Kumar,Consumer,Hyderabad,Telangana
C00529,Rohan Rao,Small Business,Panaji,Goa
C00530,Meera Mehta,Small Business,Lucknow,Uttar Pradesh
C00531,Arjun Mehta,Consumer,Indore,Madhya Pradesh
C00532,Ravi Kumar,Consumer,Ahmedabad,Gujarat
C00533,Vikram Gupta,Corporate,Vijayawada,Andhra Pradesh
C00534,Ravi Das,Consumer,Chennai,Tamil Nadu
C00535,Priya Patel,Small Business,Panaji,Goa
C00536,Aditya Mishra,Consumer,Patna,Bihar
C00537,Ravi Singh,Consumer,Panaji,Goa
C00538,Arjun Kumar,Consumer,Vijayawada,Andhra Pradesh
C00539,Kiran Das,Small Business,Ahmedabad,Gujarat
C00540,Arjun Rao,Consumer,Vijayawada,Andhra Pradesh
C00541,Aditya Sharma,Consumer,Ahmedabad,Gujarat
C00542,Sanjay Rao,Consumer,Panaji,Goa
C00543,Ishita Sharma,Consumer,Lucknow,Uttar Pradesh
C00544,Kavya Iyer,Small Business,Raipur,Chhattisgarh
C00545,Nikhil Verma,Small Business,Ludhiana,Punjab
C00546,Ravi Yadav,Small Business,Ludhiana,Punjab
C00547,Priya Mehta,Consumer,Ahmedabad,Gujarat
C00548,Neha Verma,Consumer,Hyderabad,Telangana
C00549,Ananya Verma,Corporate,New Delhi,Delhi
C00550,Kavya Mishra,Consumer,Jaipur,Rajasthan
C00551,Rahul Patel,Small Business,Kolkata,West Bengal
C00552,Ishita Naidu,Small Business,Patna,Bihar
C00553,Sanjay Kumar,Consumer,Chennai,Tamil Nadu
C00554,Meera Singh,Corporate,Mumbai,Maharashtra
C00555,Manish Gupta,Corporate,Ludhiana,Punjab
C00556,Kavya Singh,Consumer,Ahmedabad,Gujarat
C00557,Arjun Das,Premium,Vijayawada,Andhra Pradesh
C00558,Ishita Gupta,Small Business,Hyderabad,Telangana
C00559,Pooja Iyer,Consumer,Bengaluru,Karnataka
C00560,Rahul Mehta,Consumer,Kochi,Kerala
C00561,Manish Mehta,Corporate,Raipur,Chhattisgarh
C00562,Nikhil Mishra,Consumer,Chennai,Tamil Nadu
C00563,Rohan Rao,Consumer,Ranchi,Jharkhand
C00564,Aarav Gupta,Consumer,Ranchi,Jharkhand
C00565,Rohan Mehta,Small Business,Kolkata,West Bengal
C00566,Neha Gupta,Small Business,Bhubaneswar,Odisha
C00567,Rahul Iyer,Corporate,Indore,Madhya Pradesh
C00568,Kiran Naidu,Consumer,Bengaluru,Karnataka
C00569,Rahul Yadav,Small Business,Kochi,Kerala
C00570,Ishita Reddy,Consumer,Lucknow,Uttar Pradesh
C00571,Meera Kumar,Consumer,Ahmedabad,Gujarat
C00572,Arjun Patel,Consumer,Ahmedabad,Gujarat
C00573,Priya Das,Corporate,Panaji,Goa
C00574,Meera Das,Premium,Indore,Madhya Pradesh
C00575,Ananya Iyer,Premium,Chennai,Tamil Nadu
C00576,Vivaan Patel,Small Business,Panaji,Goa
C00577,Ishita Naidu,Consumer,Hyderabad,Telangana
C00578,Aditya Patel,Consumer,Hyderabad,Telangana
C00579,Priya Patel,Small Business,Panaji,Goa
C00580,Rahul Yadav,Small Business,Mumbai,Maharashtra
C00581,Rohan Nair,Consumer,Ludhiana,Punjab
C00582,Rohan Kumar,Premium,Vijayawada,Andhra Pradesh
C00583,Ananya Yadav,Small Business,Lucknow,Uttar Pradesh
C00584,Kavya Gupta,Consumer,Vijayawada,Andhra Pradesh
C00585,Arjun Mehta,Small Business,Hyderabad,Telangana
C00586,Arjun Patel,Premium,Ludhiana,Punjab
C00587,Sanjay Patel,Consumer,Ludhiana,Punjab
C00588,Sneha Sharma,Small Business,Indore,Madhya Pradesh
C00589,Vikram Reddy,Small Business,Lucknow,Uttar Pradesh
C00590,Kavya Kumar,Small Business,Ludhiana,Punjab
C00591,Manish Reddy,Consumer,Chennai,Tamil Nadu
C00592,Vivaan Yadav,Corporate,Bhubaneswar,Odisha
C00593,Meera Sharma,Small Business,Ranchi,Jharkhand
C00594,Kavya Singh,Consumer,Patna,Bihar
C00595,Rahul Singh,Consumer,Ranchi,Jharkhand
C00596,Sneha Nair,Consumer,Lucknow,Uttar Pradesh
C00597,Ishita Naidu,Consumer,Patna,Bihar
C00598,Ishita Das,Corporate,Raipur,Chhattisgarh
C00599,Sneha Mehta,Small Business,Vijayawada,Andhra Pradesh
C00600,Priya Naidu,Small Business,Kochi,Kerala
C00601,Manish Kumar,Consumer,Patna,Bihar
C00602,Kiran Iyer,Consumer,Ranchi,Jharkhand
C00603,Nikhil Patel,Consumer,Hyderabad,Telangana
C00604,Kavya Yadav,Consumer,Hyderabad,Telangana
C00605,Ishita Nair,Premium,Lucknow,Uttar Pradesh
C00606,Priya Yadav,Consumer,Ahmedabad,Gujarat
C00607,Ishita Patel,Corporate,Vijayawada,Andhra Pradesh
C00608,Rohan Iyer,Small Business,Ahmedabad,Gujarat
C00609,Aarav Verma,Small Business,Ranchi,Jharkhand
C00610,Vikram Nair,Consumer,Kochi,Kerala
C00611,Vivaan Verma,Small Business,New Delhi,Delhi
C00612,Ishita Sharma,Consumer,Ahmedabad,Gujarat
C00613,Manish Mishra,Small Business,Panaji,Goa
C00614,Sneha Singh,Small Business,Bengaluru,Karnataka
C00615,Meera Das,Consumer,Vijayawada,Andhra Pradesh
C00616,Sneha Joshi,Small Business,Indore,Madhya Pradesh
C00617,Rahul Mehta,Consumer,Patna,Bihar
C00618,Vikram Naidu,Small Business,Vijayawada,Andhra Pradesh
C00619,Kavya Rao,Corporate,Hyderabad,Telangana
C00620,Aditya Verma,Consumer,Bhubaneswar,Odisha
C00621,Kavya Singh,Small Business,Hyderabad,Telangana
C00622,Ravi Mehta,Consumer,Kochi,Kerala
C00623,Neha Kumar,Premium,Ranchi,Jharkhand
C00624,Arjun Yadav,Premium,Chennai,Tamil Nadu
C00625,Vikram Mishra,Consumer,Patna,Bihar
C00626,Aditya Reddy,Consumer,Kochi,Kerala
C00627,Vivaan Sharma,Consumer,Ahmedabad,Gujarat
C00628,Aarav Kumar,Small Business,Ranchi,Jharkhand
C00629,Neha Reddy,Corporate,Bhubaneswar,Odisha
C00630,Ananya Yadav,Corporate,Bhubaneswar,Odisha
C00631,Sneha Naidu,Consumer,Panaji,Goa
C00632,Meera Rao,Consumer,Kolkata,West Bengal
C00633,Arjun Gupta,Consumer,Hyderabad,Telangana
C00634,Ananya Kumar,Consumer,Patna,Bihar
C00635,Ravi Das,Corporate,Patna,Bihar
C00636,Kavya Mishra,Consumer,Mumbai,Maharashtra
C00637,Ishita Patel,Consumer,Indore,Madhya Pradesh
C00638,Priya Das,Premium,Mumbai,Maharashtra
C00639,Rohan Naidu,Consumer,Chennai,Tamil Nadu
C00640,Vikram Joshi,Corporate,Jaipur,Rajasthan
C00641,Kavya Kumar,Consumer,New Delhi,Delhi
C00642,Vikram Das,Corporate,Ludhiana,Punjab
C00643,Pooja Nair,Consumer,Jaipur,Rajasthan
C00644,Vivaan Gupta,Consumer,Hyderabad,Telangana
C00645,Rahul Rao,Small Business,Ranchi,Jharkhand
C00646,Ishita Patel,Small Business,Panaji,Goa
C00647,Sneha Sharma,Consumer,New Delhi,Delhi
C00648,Sneha Verma,Corporate,Bhubaneswar,Odisha
C00649,Manish Yadav,Corporate,Kolkata,West Bengal
C00650,Kavya Nair,Small Business,New Delhi,Delhi
C00651,Vivaan Gupta,Consumer,Chennai,Tamil Nadu
C00652,Sneha Yadav,Consumer,Lucknow,Uttar Pradesh
C00653,Priya Naidu,Consumer,Jaipur,Rajasthan
C00654,Neha Kumar,Consumer,Ranchi,Jharkhand
C00655,Vivaan Nair,Consumer,Chennai,Tamil Nadu
C00656,Kiran Mehta,Small Business,Bengaluru,Karnataka
C00657,Aarav Patel,Consumer,Kolkata,West Bengal
C00658,Aditya Naidu,Consumer,Jaipur,Rajasthan
C00659,Kavya Patel,Corporate,Panaji,Goa
C00660,Vikram Gupta,Small Business,Mumbai,Maharashtra
C00661,Rahul Patel,Consumer,Chennai,Tamil Nadu
C00662,Arjun Mehta,Small Business,Raipur,Chhattisgarh
C00663,Nikhil Mehta,Consumer,Ahmedabad,Gujarat
C00664,Vikram Singh,Consumer,Vijayawada,Andhra Pradesh
C00665,Neha Mehta,Premium,Ludhiana,Punjab
C00666,Aditya Joshi,Corporate,Ranchi,Jharkhand
C00667,Sanjay Gupta,Consumer,Kolkata,West Bengal
C00668,Kiran Joshi,Small Business,Raipur,Chhattisgarh
C00669,Vikram Naidu,Premium,Vijayawada,Andhra Pradesh
C00670,Ananya Naidu,Premium,Panaji,Goa
C00671,Ishita Naidu,Consumer,Jaipur,Rajasthan
C00672,Kavya Joshi,Corporate,Vijayawada,Andhra Pradesh
C00673,Sneha Nair,Consumer,Kochi,Kerala
C00674,Pooja Das,Consumer,Ludhiana,Punjab
C00675,Vikram Joshi,Consumer,Panaji,Goa
C00676,Sneha Mishra,Consumer,Chennai,Tamil Nadu
C00677,Rahul Reddy,Corporate,Hyderabad,Telangana
C00678,Arjun Sharma,Consumer,Bhubaneswar,Odisha
C00679,Arjun Singh,Consumer,Chennai,Tamil Nadu
C00680,Pooja Reddy,Consumer,Ludhiana,Punjab
C00681,Neha Mehta,Small Business,Raipur,Chhattisgarh
C00682,Aditya Kumar,Corporate,Bengaluru,Karnataka
C00683,Ananya Iyer,Consumer,Vijayawada,Andhra Pradesh
C00684,Priya Mehta,Small Business,Panaji,Goa
C00685,Aarav Joshi,Premium,Chennai,Tamil Nadu
C00686,Vikram Joshi,Consumer,Kochi,Kerala
C00687,Rahul Mehta,Small Business,Raipur,Chhattisgarh
C00688,Arjun Nair,Premium,Ludhiana,Punjab
C00689,Priya Joshi,Consumer,Indore,Madhya Pradesh
C00690,Ishita Rao,Consumer,Mumbai,Maharashtra
C00691,Aarav Reddy,Small Business,Bhubaneswar,Odisha
C00692,Kiran Sharma,Consumer,Ahmedabad,Gujarat
C00693,Kavya Patel,Small Business,Lucknow,Uttar Pradesh
C00694,Sneha Mehta,Small Business,Jaipur,Rajasthan
C00695,Aditya Mishra,Corporate,Bengaluru,Karnataka
C00696,Pooja Patel,Consumer,New Delhi,Delhi
C00697,Rahul Nair,Consumer,Indore,Madhya Pradesh
C00698,Vivaan Kumar,Small Business,New Delhi,Delhi
C00699,Manish Gupta,Premium,Jaipur,Rajasthan
C00700,Sneha Sharma,Premium,Kochi,Kerala
C00701,Nikhil Joshi,Small Business,Lucknow,Uttar Pradesh
C00702,Meera Naidu,Premium,Bengaluru,Karnataka
C00703,Nikhil Patel,Consumer,Vijayawada,Andhra Pradesh
C00704,Vivaan Mishra,Corporate,Lucknow,Uttar Pradesh
C00705,Kavya Verma,Corporate,Raipur,Chhattisgarh
C00706,Sneha Kumar,Small Business,Panaji,Goa
C00707,Vivaan Das,Small Business,Kolkata,West Bengal
C00708,Sneha Verma,Consumer,Bhubaneswar,Odisha
C00709,Vikram Yadav,Small Business,Lucknow,Uttar Pradesh
C00710,Aarav Rao,Consumer,Ranchi,Jharkhand
C00711,Rahul Das,Premium,Ahmedabad,Gujarat
C00712,Sneha Das,Consumer,New Delhi,Delhi
C00713,Sanjay Iyer,Small Business,Ranchi,Jharkhand
C00714,Ishita Patel,Corporate,Ahmedabad,Gujarat
C00715,Manish Reddy,Corporate,New Delhi,Delhi
C00716,Kavya Naidu,Consumer,Vijayawada,Andhra Pradesh
C00717,Vivaan Iyer,Consumer,New Delhi,Delhi
C00718,Vikram Reddy,Consumer,Kolkata,West Bengal
C00719,Ishita Kumar,Consumer,Bhubaneswar,Odisha
C00720,Aarav Mishra,Corporate,Mumbai,Maharashtra
C00721,Ravi Sharma,Premium,Mumbai,Maharashtra
C00722,Rohan Iyer,Consumer,New Delhi,Delhi
C00723,Sanjay Das,Consumer,Ahmedabad,Gujarat
C00724,Rohan Kumar,Corporate,New Delhi,Delhi
C00725,Aarav Joshi,Consumer,Chennai,Tamil Nadu
C00726,Rahul Verma,Consumer,Mumbai,Maharashtra
C00727,Sneha Singh,Consumer,Lucknow,Uttar Pradesh
C00728,Pooja Nair,Consumer,Mumbai,Maharashtra
C00729,Pooja Mehta,Consumer,Mumbai,Maharashtra
C00730,Priya Patel,Consumer,Hyderabad,Telangana
C00731,Kiran Mehta,Consumer,Mumbai,Maharashtra
C00732,Ravi Joshi,Corporate,Patna,Bihar
C00733,Aarav Iyer,Consumer,Chennai,Tamil Nadu
C00734,Sanjay Gupta,Consumer,Lucknow,Uttar Pradesh
C00735,Ishita Mishra,Consumer,Hyderabad,Telangana
C00736,Nikhil Nair,Small Business,Raipur,Chhattisgarh
C00737,Rohan Mehta,Corporate,Raipur,Chhattisgarh
C00738,Rohan Yadav,Premium,Patna,Bihar
C00739,Aarav Rao,Corporate,Bhubaneswar,Odisha
C00740,Sneha Kumar,Consumer,New Delhi,Delhi
C00741,Nikhil Patel,Consumer,Hyderabad,Telangana
C00742,Aditya Mishra,Consumer,Bengaluru,Karnataka
C00743,Priya Kumar,Consumer,Bengaluru,Karnataka
C00744,Aarav Kumar,Consumer,Ranchi,Jharkhand
C00745,Manish Naidu,Consumer,Bhubaneswar,Odisha
C00746,Aarav Reddy,Consumer,Vijayawada,Andhra Pradesh
C00747,Manish Das,Premium,Bengaluru,Karnataka
C00748,Nikhil Singh,Consumer,Lucknow,Uttar Pradesh
C00749,Sanjay Kumar,Consumer,Bhubaneswar,Odisha
C00750,Ananya Mishra,Consumer,New Delhi,Delhi
C00751,Sneha Yadav,Consumer,Mumbai,Maharashtra
C00752,Meera Singh,Consumer,Ranchi,Jharkhand
C00753,Kiran Nair,Corporate,Panaji,Goa
C00754,Priya Kumar,Corporate,Kochi,Kerala
C00755,Rohan Joshi,Consumer,Ahmedabad,Gujarat
C00756,Vikram Das,Consumer,Ahmedabad,Gujarat
C00757,Kiran Reddy,Corporate,Ludhiana,Punjab
C00758,Rohan Patel,Premium,Indore,Madhya Pradesh
C00759,Vikram Das,Consumer,Panaji,Goa
C00760,Neha Reddy,Consumer,Bengaluru,Karnataka
C00761,Meera Rao,Small Business,Kolkata,West Bengal
C00762,Manish Yadav,Corporate,Chennai,Tamil Nadu
C00763,Meera Gupta,Premium,Chennai,Tamil Nadu
C00764,Priya Rao,Consumer,Kolkata,West Bengal
C00765,Sneha Mishra,Consumer,Chennai,Tamil Nadu
C00766,Ananya Nair,Consumer,Lucknow,Uttar Pradesh
C00767,Manish Nair,Consumer,Hyderabad,Telangana
C00768,Manish Reddy,Consumer,Vijayawada,Andhra Pradesh
C00769,Rohan Mishra,Consumer,Ahmedabad,Gujarat
C00770,Rohan Patel,Consumer,Bengaluru,Karnataka
C00771,Kiran Naidu,Consumer,Panaji,Goa
C00772,Vikram Reddy,Consumer,Ahmedabad,Gujarat
C00773,Rahul Singh,Premium,Vijayawada,Andhra Pradesh
C00774,Kiran Yadav,Consumer,Bhubaneswar,Odisha
C00775,Sneha Yadav,Small Business,Patna,Bihar
C00776,Vivaan Mehta,Small Business,Mumbai,Maharashtra
C00777,Sanjay Kumar,Small Business,New Delhi,Delhi
C00778,Meera Mehta,Consumer,Panaji,Goa
C00779,Manish Verma,Premium,Hyderabad,Telangana
C00780,Ananya Mehta,Consumer,Hyderabad,Telangana
C00781,Pooja Kumar,Small Business,Vijayawada,Andhra Pradesh
C00782,Meera Mehta,Corporate,Bengaluru,Karnataka
C00783,Sanjay Rao,Consumer,Lucknow,Uttar Pradesh
C00784,Nikhil Gupta,Consumer,Hyderabad,Telangana
C00785,Ananya Verma,Consumer,Ludhiana,Punjab
C00786,Sanjay Gupta,Small Business,Vijayawada,Andhra Pradesh
C00787,Rohan Mishra,Consumer,Kochi,Kerala
C00788,Ishita Rao,Consumer,Raipur,Chhattisgarh
C00789,Ananya Verma,Consumer,Bengaluru,Karnataka
C00790,Aarav Kumar,Consumer,Vijayawada,Andhra Pradesh
C00791,Neha Joshi,Small Business,Jaipur,Rajasthan
C00792,Nikhil Singh,Premium,Panaji,Goa
C00793,Ishita Verma,Small Business,Bengaluru,Karnataka
C00794,Arjun Kumar,Corporate,Ranchi,Jharkhand
C00795,Arjun Patel,Corporate,Jaipur,Rajasthan
C00796,Vikram Singh,Premium,Patna,Bihar
C00797,Aditya Rao,Small Business,Raipur,Chhattisgarh
C00798,Rohan Sharma,Corporate,Jaipur,Rajasthan
C00799,Ravi Sharma,Consumer,Kochi,Kerala
C00800,Rohan Singh,Corporate,Hyderabad,Telangana
C00801,Aditya Gupta,Small Business,Ahmedabad,Gujarat
C00802,Rohan Kumar,Consumer,Raipur,Chhattisgarh
C00803,Neha Rao,Consumer,Chennai,Tamil Nadu
C00804,Priya Kumar,Consumer,Kolkata,West Bengal
C00805,Nikhil Mehta,Small Business,Kolkata,West Bengal
C00806,Rohan Verma,Premium,New Delhi,Delhi
C00807,Vivaan Yadav,Premium,Raipur,Chhattisgarh
C00808,Pooja Naidu,Consumer,Chennai,Tamil Nadu
C00809,Kiran Iyer,Consumer,Mumbai,Maharashtra
C00810,Vikram Patel,Small Business,New Delhi,Delhi
C00811,Rohan Verma,Consumer,Indore,Madhya Pradesh
C00812,Neha Sharma,Corporate,Kolkata,West Bengal
C00813,Vikram Nair,Consumer,Hyderabad,Telangana
C00814,Ishita Naidu,Small Business,Ludhiana,Punjab
C00815,Sanjay Verma,Consumer,Panaji,Goa
C00816,Manish Rao,Corporate,Chennai,Tamil Nadu
C00817,Rohan Mishra,Consumer,New Delhi,Delhi
C00818,Sneha Singh,Consumer,Hyderabad,Telangana
C00819,Arjun Das,Corporate,Kochi,Kerala
C00820,Vikram Gupta,Consumer,Vijayawada,Andhra Pradesh
C00821,Sneha Naidu,Consumer,Kolkata,West Bengal
C00822,Rohan Nair,Premium,Bhubaneswar,Odisha
C00823,Sneha Reddy,Small Business,Mumbai,Maharashtra
C00824,Kiran Sharma,Consumer,Raipur,Chhattisgarh
C00825,Pooja Joshi,Consumer,Ranchi,Jharkhand
C00826,Aarav Reddy,Corporate,Ranchi,Jharkhand
C00827,Aditya Das,Consumer,Bengaluru,Karnataka
C00828,Vivaan Das,Small Business,Bhubaneswar,Odisha
C00829,Kavya Yadav,Small Business,Jaipur,Rajasthan
C00830,Neha Mishra,Small Business,Ludhiana,Punjab
C00831,Aarav Reddy,Consumer,Bengaluru,Karnataka
C00832,Arjun Mishra,Corporate,Jaipur,Rajasthan
C00833,Ananya Sharma,Consumer,New Delhi,Delhi
C00834,Meera Das,Consumer,Kochi,Kerala
C00835,Vivaan Verma,Small Business,Kolkata,West Bengal
C00836,Vivaan Patel,Consumer,Indore,Madhya Pradesh
C00837,Nikhil Kumar,Corporate,Kochi,Kerala
C00838,Rahul Singh,Consumer,Kolkata,West Bengal
C00839,Aarav Reddy,Consumer,Kolkata,West Bengal
C00840,Sanjay Sharma,Small Business,Bhubaneswar,Odisha
C00841,Manish Rao,Consumer,Ranchi,Jharkhand
C00842,Rahul Verma,Consumer,Bhubaneswar,Odisha
C00843,Vikram Mehta,Consumer,Hyderabad,Telangana
C00844,Rohan Nair,Small Business,Lucknow,Uttar Pradesh
C00845,Nikhil Mishra,Consumer,Ludhiana,Punjab
C00846,Aarav Kumar,Consumer,Hyderabad,Telangana
C00847,Rohan Singh,Small Business,Chennai,Tamil Nadu
C00848,Ravi Verma,Premium,Kochi,Kerala
C00849,Aarav Naidu,Consumer,Indore,Madhya Pradesh
C00850,Meera Reddy,Consumer,Hyderabad,Telangana
C00851,Nikhil Rao,Consumer,Panaji,Goa
C00852,Aditya Nair,Consumer,Kochi,Kerala
C00853,Neha Kumar,Small Business,Patna,Bihar
C00854,Vikram Kumar,Consumer,Ahmedabad,Gujarat
C00855,Pooja Patel,Consumer,Hyderabad,Telangana
C00856,Neha Nair,Consumer,Indore,Madhya Pradesh
C00857,Arjun Das,Small Business,Mumbai,Maharashtra
C00858,Manish Singh,Small Business,Hyderabad,Telangana
C00859,Vivaan Naidu,Small Business,Bengaluru,Karnataka
C00860,Vivaan Reddy,Consumer,Indore,Madhya Pradesh
C00861,Vivaan Joshi,Consumer,Indore,Madhya Pradesh
C00862,Priya Joshi,Consumer,Indore,Madhya Pradesh
C00863,Ishita Yadav,Consumer,Mumbai,Maharashtra
C00864,Sanjay Naidu,Consumer,New Delhi,Delhi
C00865,Ravi Naidu,Consumer,Jaipur,Rajasthan
C00866,Vivaan Yadav,Corporate,Bengaluru,Karnataka
C00867,Pooja Mehta,Consumer,Raipur,Chhattisgarh
C00868,Vivaan Rao,Corporate,Vijayawada,Andhra Pradesh
C00869,Priya Gupta,Consumer,Vijayawada,Andhra Pradesh
C00870,Ishita Singh,Consumer,Mumbai,Maharashtra
C00871,Aditya Mehta,Corporate,Bengaluru,Karnataka
C00872,Neha Kumar,Corporate,Indore,Madhya Pradesh
C00873,Ravi Reddy,Consumer,Ranchi,Jharkhand
C00874,Neha Sharma,Consumer,Vijayawada,Andhra Pradesh
C00875,Ishita Kumar,Consumer,Mumbai,Maharashtra
C00876,Vikram Das,Consumer,Ranchi,Jharkhand
C00877,Neha Rao,Consumer,Indore,Madhya Pradesh
C00878,Neha Sharma,Corporate,Bhubaneswar,Odisha
C00879,Nikhil Naidu,Consumer,Kochi,Kerala
C00880,Sneha Reddy,Corporate,Vijayawada,Andhra Pradesh
C00881,Neha Patel,Small Business,Ludhiana,Punjab
C00882,Priya Yadav,Small Business,Patna,Bihar
C00883,Rahul Joshi,Consumer,Kochi,Kerala
C00884,Sanjay Rao,Premium,Jaipur,Rajasthan
C00885,Pooja Yadav,Consumer,Lucknow,Uttar Pradesh
C00886,Arjun Joshi,Consumer,Ranchi,Jharkhand
C00887,Aditya Gupta,Corporate,Ahmedabad,Gujarat
C00888,Aditya Reddy,Premium,Vijayawada,Andhra Pradesh
C00889,Aditya Reddy,Small Business,Bhubaneswar,Odisha
C00890,Ravi Reddy,Premium,Kochi,Kerala
C00891,Meera Reddy,Corporate,Raipur,Chhattisgarh
C00892,Ravi Iyer,Small Business,Hyderabad,Telangana
C00893,Ravi Yadav,Corporate,Hyderabad,Telangana
C00894,Priya Rao,Corporate,Kolkata,West Bengal
C00895,Nikhil Sharma,Corporate,Kochi,Kerala
C00896,Ananya Gupta,Small Business,Jaipur,Rajasthan
C00897,Nikhil Verma,Consumer,Ahmedabad,Gujarat
C00898,Pooja Joshi,Consumer,Chennai,Tamil Nadu
C00899,Neha Sharma,Consumer,Indore,Madhya Pradesh
C00900,Sanjay Nair,Corporate,Bengaluru,Karnataka
C00901,Pooja Nair,Corporate,Ahmedabad,Gujarat
C00902,Rohan Mehta,Corporate,Kolkata,West Bengal
C00903,Sneha Sharma,Consumer,Ranchi,Jharkhand
C00904,Aditya Singh,Corporate,Jaipur,Rajasthan
C00905,Sanjay Joshi,Consumer,Ranchi,Jharkhand
C00906,Kiran Nair,Consumer,Kolkata,West Bengal
C00907,Meera Yadav,Corporate,Bengaluru,Karnataka
C00908,Nikhil Nair,Consumer,Patna,Bihar
C00909,Ananya Mishra,Small Business,Bhubaneswar,Odisha
C00910,Kiran Joshi,Consumer,Indore,Madhya Pradesh
C00911,Vivaan Mehta,Consumer,Mumbai,Maharashtra
C00912,Arjun Rao,Premium,Chennai,Tamil Nadu
C00913,Sneha Naidu,Consumer,Ahmedabad,Gujarat
C00914,Rahul Rao,Small Business,Vijayawada,Andhra Pradesh
C00915,Kiran Mishra,Small Business,Indore,Madhya Pradesh
C00916,Neha Reddy,Corporate,Bhubaneswar,Odisha
C00917,Nikhil Kumar,Consumer,Raipur,Chhattisgarh
C00918,Nikhil Yadav,Small Business,Panaji,Goa
C00919,Sneha Naidu,Consumer,Ludhiana,Punjab
C00920,Meera Mishra,Consumer,Lucknow,Uttar Pradesh
C00921,Aarav Iyer,Premium,Kochi,Kerala
C00922,Priya Mishra,Consumer,Kolkata,West Bengal
C00923,Vivaan Nair,Premium,Indore,Madhya Pradesh
C00924,Vivaan Joshi,Corporate,Raipur,Chhattisgarh
C00925,Priya Iyer,Consumer,Indore,Madhya Pradesh
C00926,Rohan Reddy,Consumer,Panaji,Goa
C00927,Ravi Rao,Consumer,Mumbai,Maharashtra
C00928,Manish Joshi,Consumer,Chennai,Tamil Nadu
C00929,Arjun Gupta,Consumer,Ahmedabad,Gujarat
C00930,Ishita Iyer,Premium,Jaipur,Rajasthan
C00931,Arjun Naidu,Premium,Panaji,Goa
C00932,Manish Mishra,Corporate,Raipur,Chhattisgarh
C00933,Kavya Nair,Corporate,Lucknow,Uttar Pradesh
C00934,Sneha Sharma,Premium,Ludhiana,Punjab
C00935,Neha Kumar,Consumer,Raipur,Chhattisgarh
C00936,Vikram Sharma,Consumer,Patna,Bihar
C00937,Sneha Sharma,Consumer,Mumbai,Maharashtra
C00938,Ravi Patel,Corporate,Panaji,Goa
C00939,Kiran Sharma,Consumer,Indore,Madhya Pradesh
C00940,Kavya Rao,Consumer,Ranchi,Jharkhand
C00941,Sneha Patel,Corporate,Lucknow,Uttar Pradesh
C00942,Ishita Naidu,Consumer,New Delhi,Delhi
C00943,Pooja Naidu,Consumer,Lucknow,Uttar Pradesh
C00944,Rohan Verma,Consumer,Bengaluru,Karnataka
C00945,Kavya Nair,Small Business,Patna,Bihar
C00946,Rahul Joshi,Corporate,Kolkata,West Bengal
C00947,Kiran Verma,Consumer,Mumbai,Maharashtra
C00948,Priya Iyer,Premium,Bengaluru,Karnataka
C00949,Aarav Iyer,Small Business,Ahmedabad,Gujarat
C00950,Priya Mishra,Corporate,Jaipur,Rajasthan
C00951,Kavya Singh,Small Business,Chennai,Tamil Nadu
C00952,Manish Reddy,Premium,Kolkata,West Bengal
C00953,Aarav Singh,Consumer,Ahmedabad,Gujarat
C00954,Meera Patel,Consumer,Indore,Madhya Pradesh
C00955,Ananya Mishra,Consumer,Jaipur,Rajasthan
C00956,Rahul Verma,Consumer,Ahmedabad,Gujarat
C00957,Ishita Iyer,Corporate,Indore,Madhya Pradesh
C00958,Sanjay Reddy,Consumer,Raipur,Chhattisgarh
C00959,Manish Verma,Consumer,Bhubaneswar,Odisha
C00960,Manish Naidu,Premium,Hyderabad,Telangana
C00961,Ananya Mishra,Consumer,Panaji,Goa
C00962,Meera Mehta,Consumer,Kolkata,West Bengal
C00963,Aditya Verma,Consumer,Hyderabad,Telangana
C00964,Ishita Iyer,Consumer,Ludhiana,Punjab
C00965,Sanjay Yadav,Consumer,Mumbai,Maharashtra
C00966,Vikram Mehta,Consumer,Patna,Bihar
C00967,Priya Singh,Small Business,Chennai,Tamil Nadu
C00968,Neha Mishra,Premium,Kochi,Kerala
C00969,Sanjay Yadav,Consumer,Ahmedabad,Gujarat
C00970,Neha Yadav,Corporate,Ranchi,Jharkhand
C00971,Ananya Das,Consumer,Chennai,Tamil Nadu
C00972,Vivaan Singh,Consumer,Jaipur,Rajasthan
C00973,Vivaan Nair,Small Business,Ranchi,Jharkhand
C00974,Sneha Iyer,Corporate,New Delhi,Delhi
C00975,Ananya Patel,Consumer,Kochi,Kerala
C00976,Rahul Mishra,Consumer,New Delhi,Delhi
C00977,Meera Mishra,Corporate,Kolkata,West Bengal
C00978,Rohan Mishra,Consumer,Bhubaneswar,Odisha
C00979,Sanjay Rao,Small Business,Patna,Bihar
C00980,Aarav Iyer,Small Business,Bhubaneswar,Odisha
C00981,Nikhil Kumar,Small Business,Hyderabad,Telangana
C00982,Kiran Das,Consumer,Panaji,Goa
C00983,Manish Patel,Corporate,Raipur,Chhattisgarh
C00984,Sneha Reddy,Consumer,Panaji,Goa
C00985,Ravi Das,Consumer,Mumbai,Maharashtra
C00986,Neha Patel,Consumer,Panaji,Goa
C00987,Ravi Gupta,Consumer,Jaipur,Rajasthan
C00988,Meera Nair,Consumer,Raipur,Chhattisgarh
C00989,Kavya Nair,Consumer,Mumbai,Maharashtra
C00990,Priya Verma,Corporate,New Delhi,Delhi
C00991,Sneha Reddy,Small Business,Vijayawada,Andhra Pradesh
C00992,Pooja Das,Consumer,New Delhi,Delhi
C00993,Ravi Nair,Consumer,Ludhiana,Punjab
C00994,Vivaan Nair,Consumer,Indore,Madhya Pradesh
C00995,Meera Rao,Corporate,Patna,Bihar
C00996,Arjun Singh,Consumer,Vijayawada,Andhra Pradesh
C00997,Manish Gupta,Small Business,Chennai,Tamil Nadu
C00998,Rahul Naidu,Small Business,Ahmedabad,Gujarat
C00999,Arjun Mehta,Consumer,Kochi,Kerala
C01000,Manish Gupta,Small Business,Patna,Bihar
C01001,Pooja Iyer,Consumer,Indore,Madhya Pradesh
C01002,Meera Mehta,Small Business,Lucknow,Uttar Pradesh
C01003,Priya Joshi,Consumer,Bengaluru,Karnataka
C01004,Kiran Kumar,Corporate,Raipur,Chhattisgarh
C01005,Nikhil Reddy,Consumer,Patna,Bihar
C01006,Ravi Kumar,Small Business,Vijayawada,Andhra Pradesh
C01007,Rahul Rao,Premium,Ranchi,Jharkhand
C01008,Ananya Sharma,Corporate,Lucknow,Uttar Pradesh
C01009,Sneha Yadav,Consumer,Lucknow,Uttar Pradesh
C01010,Pooja Gupta,Consumer,Patna,Bihar
C01011,Meera Mishra,Consumer,Vijayawada,Andhra Pradesh
C01012,Arjun Gupta,Small Business,Patna,Bihar
C01013,Aarav Das,Corporate,Raipur,Chhattisgarh
C01014,Aarav Rao,Consumer,Mumbai,Maharashtra
C01015,Priya Mehta,Corporate,Jaipur,Rajasthan
C01016,Rohan Das,Corporate,Kochi,Kerala
C01017,Vivaan Singh,Consumer,Ranchi,Jharkhand
C01018,Rahul Mehta,Consumer,Indore,Madhya Pradesh
C01019,Ishita Kumar,Consumer,New Delhi,Delhi
C01020,Ishita Verma,Consumer,Kochi,Kerala
C01021,Rahul Sharma,Small Business,Ranchi,Jharkhand
C01022,Aditya Reddy,Small Business,Bhubaneswar,Odisha
C01023,Ishita Yadav,Corporate,Panaji,Goa
C01024,Sneha Iyer,Corporate,Indore,Madhya Pradesh
C01025,Pooja Mehta,Consumer,Panaji,Goa
C01026,Neha Rao,Consumer,Raipur,Chhattisgarh
C01027,Manish Joshi,Corporate,Jaipur,Rajasthan
C01028,Vivaan Mishra,Premium,New Delhi,Delhi
C01029,Arjun Singh,Small Business,Mumbai,Maharashtra
C01030,Arjun Sharma,Small Business,Patna,Bihar
C01031,Kiran Iyer,Consumer,Jaipur,Rajasthan
C01032,Aditya Singh,Consumer,Ludhiana,Punjab
C01033,Aditya Mehta,Corporate,New Delhi,Delhi
C01034,Rahul Rao,Consumer,Hyderabad,Telangana
C01035,Pooja Patel,Corporate,Bhubaneswar,Odisha
C01036,Neha Yadav,Consumer,Kolkata,West Bengal
C01037,Ravi Das,Small Business,Lucknow,Uttar Pradesh
C01038,Rahul Naidu,Small Business,Hyderabad,Telangana
C01039,Neha Joshi,Consumer,Hyderabad,Telangana
C01040,Sneha Iyer,Small Business,Ludhiana,Punjab
C01041,Nikhil Sharma,Consumer,Ahmedabad,Gujarat
C01042,Priya Nair,Consumer,New Delhi,Delhi
C01043,Rahul Iyer,Small Business,Vijayawada,Andhra Pradesh
C01044,Ishita Kumar,Consumer,Mumbai,Maharashtra
C01045,Aarav Patel,Corporate,Bengaluru,Karnataka
C01046,Ananya Sharma,Consumer,Indore,Madhya Pradesh
C01047,Neha Joshi,Corporate,New Delhi,Delhi
C01048,Rohan Gupta,Premium,Mumbai,Maharashtra
C01049,Rohan Iyer,Consumer,Bhubaneswar,Odisha
C01050,Sanjay Naidu,Premium,Kolkata,West Bengal
C01051,Meera Sharma,Consumer,Raipur,Chhattisgarh
C01052,Ravi Mishra,Small Business,New Delhi,Delhi
C01053,Rahul Mishra,Consumer,Chennai,Tamil Nadu
C01054,Rahul Mishra,Corporate,New Delhi,Delhi
C01055,Kavya Naidu,Consumer,Ahmedabad,Gujarat
C01056,Sneha Rao,Consumer,Ludhiana,Punjab
C01057,Ishita Gupta,Consumer,Kochi,Kerala
C01058,Ishita Patel,Consumer,Panaji,Goa
C01059,Neha Yadav,Consumer,Ahmedabad,Gujarat
C01060,Vivaan Mehta,Consumer,Vijayawada,Andhra Pradesh
C01061,Kiran Singh,Small Business,Ludhiana,Punjab
C01062,Ananya Rao,Small Business,Panaji,Goa
C01063,Manish Verma,Consumer,Vijayawada,Andhra Pradesh
C01064,Arjun Das,Consumer,Ludhiana,Punjab
C01065,Ananya Iyer,Consumer,Ranchi,Jharkhand
C01066,Sneha Reddy,Consumer,Lucknow,Uttar Pradesh
C01067,Aditya Mishra,Corporate,Indore,Madhya Pradesh
C01068,Rohan Yadav,Consumer,Panaji,Goa
C01069,Kavya Yadav,Consumer,Bhubaneswar,Odisha
C01070,Ananya Patel,Consumer,New Delhi,Delhi
C01071,Rahul Reddy,Consumer,Indore,Madhya Pradesh
C01072,Vikram Joshi,Consumer,Vijayawada,Andhra Pradesh
C01073,Arjun Patel,Corporate,Chennai,Tamil Nadu
C01074,Vikram Rao,Corporate,Hyderabad,Telangana
C01075,Rahul Gupta,Premium,Mumbai,Maharashtra
C01076,Kiran Reddy,Consumer,Bengaluru,Karnataka
C01077,Aditya Yadav,Corporate,Kochi,Kerala
C01078,Kavya Nair,Premium,Ranchi,Jharkhand
C01079,Vivaan Gupta,Consumer,Bhubaneswar,Odisha
C01080,Sanjay Nair,Consumer,Ranchi,Jharkhand
C01081,Kiran Gupta,Consumer,Chennai,Tamil Nadu
C01082,Ananya Naidu,Consumer,Raipur,Chhattisgarh
C01083,Kavya Singh,Consumer,Kolkata,West Bengal
C01084,Ananya Yadav,Corporate,Ranchi,Jharkhand
C01085,Meera Mishra,Corporate,Ludhiana,Punjab
C01086,Arjun Iyer,Consumer,Chennai,Tamil Nadu
C01087,Arjun Mishra,Small Business,Mumbai,Maharashtra
C01088,Sanjay Sharma,Small Business,Vijayawada,Andhra Pradesh
C01089,Nikhil Joshi,Consumer,Patna,Bihar
C01090,Aditya Iyer,Consumer,Bengaluru,Karnataka
C01091,Neha Singh,Corporate,Kochi,Kerala
C01092,Priya Rao,Corporate,Kolkata,West Bengal
C01093,Neha Nair,Corporate,Lucknow,Uttar Pradesh
C01094,Meera Yadav,Corporate,Kochi,Kerala
C01095,Priya Das,Consumer,Patna,Bihar
C01096,Manish Patel,Consumer,Mumbai,Maharashtra
C01097,Nikhil Mishra,Small Business,Chennai,Tamil Nadu
C01098,Nikhil Kumar,Consumer,Vijayawada,Andhra Pradesh
C01099,Ananya Kumar,Small Business,Bhubaneswar,Odisha
C01100,Aarav Naidu,Small Business,Mumbai,Maharashtra
C01101,Arjun Reddy,Consumer,Raipur,Chhattisgarh
C01102,Priya Yadav,Consumer,Bhubaneswar,Odisha
C01103,Vikram Das,Consumer,Kochi,Kerala
C01104,Vikram Patel,Premium,Chennai,Tamil Nadu
C01105,Ishita Iyer,Consumer,Chennai,Tamil Nadu
C01106,Meera Nair,Consumer,Ranchi,Jharkhand
C01107,Sneha Rao,Consumer,Raipur,Chhattisgarh
C01108,Arjun Nair,Consumer,Mumbai,Maharashtra
C01109,Priya Patel,Consumer,Vijayawada,Andhra Pradesh
C01110,Rohan Yadav,Consumer,Ludhiana,Punjab
C01111,Ravi Patel,Small Business,Panaji,Goa
C01112,Rahul Das,Small Business,Ludhiana,Punjab
C01113,Kavya Mishra,Consumer,Kochi,Kerala
C01114,Meera Nair,Consumer,Mumbai,Maharashtra
C01115,Rahul Verma,Corporate,Bhubaneswar,Odisha
C01116,Manish Kumar,Corporate,Hyderabad,Telangana
C01117,Ishita Yadav,Consumer,Jaipur,Rajasthan
C01118,Manish Joshi,Corporate,Patna,Bihar
C01119,Priya Mishra,Consumer,Bengaluru,Karnataka
C01120,Sanjay Naidu,Consumer,Ludhiana,Punjab
C01121,Ravi Iyer,Consumer,Ludhiana,Punjab
C01122,Rohan Das,Consumer,Jaipur,Rajasthan
C01123,Ishita Iyer,Consumer,Panaji,Goa
C01124,Vikram Reddy,Small Business,Jaipur,Rajasthan
C01125,Rohan Rao,Small Business,Vijayawada,Andhra Pradesh
C01126,Ananya Das,Consumer,Raipur,Chhattisgarh
C01127,Meera Mehta,Consumer,Indore,Madhya Pradesh
C01128,Neha Rao,Consumer,Ranchi,Jharkhand
C01129,Kiran Rao,Consumer,Panaji,Goa
C01130,Aditya Nair,Consumer,Bhubaneswar,Odisha
C01131,Aditya Gupta,Small Business,Panaji,Goa
C01132,Aarav Nair,Consumer,Vijayawada,Andhra Pradesh
C01133,Ishita Gupta,Consumer,New Delhi,Delhi
C01134,Kiran Patel,Premium,Hyderabad,Telangana
C01135,Meera Das,Consumer,Chennai,Tamil Nadu
C01136,Vikram Kumar,Corporate,Ludhiana,Punjab
C01137,Kiran Patel,Small Business,Raipur,Chhattisgarh
C01138,Ananya Verma,Small Business,Raipur,Chhattisgarh
C01139,Nikhil Kumar,Corporate,Kochi,Kerala
C01140,Pooja Yadav,Consumer,New Delhi,Delhi
C01141,Sanjay Verma,Corporate,Kochi,Kerala
C01142,Aarav Mehta,Corporate,Hyderabad,Telangana
C01143,Priya Verma,Consumer,Indore,Madhya Pradesh
C01144,Ravi Patel,Consumer,Ludhiana,Punjab
C01145,Neha Mehta,Consumer,Vijayawada,Andhra Pradesh
C01146,Arjun Yadav,Consumer,Panaji,Goa
C01147,Ananya Yadav,Consumer,Hyderabad,Telangana
C01148,Aditya Das,Consumer,Panaji,Goa
C01149,Aarav Joshi,Small Business,Mumbai,Maharashtra
C01150,Sneha Das,Small Business,Ranchi,Jharkhand
C01151,Manish Iyer,Corporate,Bengaluru,Karnataka
C01152,Vivaan Nair,Consumer,Ahmedabad,Gujarat
C01153,Rahul Patel,Corporate,Vijayawada,Andhra Pradesh
C01154,Vikram Mehta,Small Business,Chennai,Tamil Nadu
C01155,Vikram Yadav,Consumer,Lucknow,Uttar Pradesh
C01156,Meera Joshi,Premium,Kochi,Kerala
C01157,Sanjay Kumar,Small Business,Panaji,Goa
C01158,Kiran Naidu,Consumer,Raipur,Chhattisgarh
C01159,Aarav Singh,Consumer,Raipur,Chhattisgarh
C01160,Kavya Singh,Consumer,Hyderabad,Telangana
C01161,Nikhil Patel,Premium,Raipur,Chhattisgarh
C01162,Meera Mehta,Corporate,Kochi,Kerala
C01163,Pooja Nair,Corporate,Hyderabad,Telangana
C01164,Ananya Kumar,Premium,Mumbai,Maharashtra
C01165,Vikram Iyer,Small Business,Mumbai,Maharashtra
C01166,Neha Iyer,Consumer,Vijayawada,Andhra Pradesh
C01167,Kavya Kumar,Corporate,New Delhi,Delhi
C01168,Ravi Singh,Consumer,Chennai,Tamil Nadu
C01169,Arjun Yadav,Consumer,Ludhiana,Punjab
C01170,Ishita Verma,Consumer,Mumbai,Maharashtra
C01171,Arjun Singh,Consumer,Kolkata,West Bengal
C01172,Kavya Das,Premium,Lucknow,Uttar Pradesh
C01173,Ananya Patel,Consumer,Chennai,Tamil Nadu
C01174,Pooja Sharma,Small Business,Raipur,Chhattisgarh
C01175,Ishita Nair,Consumer,Lucknow,Uttar Pradesh
C01176,Vivaan Mehta,Consumer,Indore,Madhya Pradesh
C01177,Vikram Nair,Premium,Bengaluru,Karnataka
C01178,Vivaan Reddy,Small Business,Kochi,Kerala
C01179,Kavya Sharma,Small Business,Panaji,Goa
C01180,Aditya Mishra,Consumer,Bhubaneswar,Odisha
C01181,Aarav Kumar,Consumer,Ahmedabad,Gujarat
C01182,Ravi Reddy,Consumer,Jaipur,Rajasthan
C01183,Vikram Sharma,Consumer,New Delhi,Delhi
C01184,Ishita Yadav,Consumer,Hyderabad,Telangana
C01185,Nikhil Reddy,Consumer,Bhubaneswar,Odisha
C01186,Vivaan Das,Corporate,Ranchi,Jharkhand
C01187,Pooja Patel,Consumer,Hyderabad,Telangana
C01188,Sneha Reddy,Corporate,Hyderabad,Telangana
C01189,Nikhil Iyer,Small Business,Mumbai,Maharashtra
C01190,Neha Naidu,Corporate,Kolkata,West Bengal
C01191,Aarav Kumar,Consumer,Ahmedabad,Gujarat
C01192,Pooja Sharma,Consumer,Indore,Madhya Pradesh
C01193,Manish Mehta,Consumer,Ludhiana,Punjab
C01194,Ravi Kumar,Consumer,Vijayawada,Andhra Pradesh
C01195,Vivaan Naidu,Small Business,Ranchi,Jharkhand
C01196,Aditya Kumar,Consumer,Bhubaneswar,Odisha
C01197,Arjun Nair,Corporate,Mumbai,Maharashtra
C01198,Priya Das,Corporate,Bengaluru,Karnataka
C01199,Kiran Singh,Consumer,Bhubaneswar,Odisha
C01200,Neha Kumar,Premium,Lucknow,Uttar Pradesh
C01201,Ishita Singh,Premium,Lucknow,Uttar Pradesh
C01202,Meera Iyer,Premium,Raipur,Chhattisgarh
C01203,Ananya Reddy,Consumer,Indore,Madhya Pradesh
C01204,Rahul Reddy,Consumer,Bengaluru,Karnataka
C01205,Kiran Kumar,Small Business,Ludhiana,Punjab
C01206,Nikhil Nair,Consumer,Kolkata,West Bengal
C01207,Meera Singh,Consumer,Indore,Madhya Pradesh
C01208,Ravi Singh,Consumer,Ahmedabad,Gujarat
C01209,Rohan Joshi,Small Business,Indore,Madhya Pradesh
C01210,Rohan Das,Consumer,Patna,Bihar
C01211,Ravi Naidu,Consumer,Patna,Bihar
C01212,Rohan Iyer,Consumer,Kolkata,West Bengal
C01213,Ananya Patel,Consumer,Kochi,Kerala
C01214,Kiran Reddy,Consumer,Chennai,Tamil Nadu
C01215,Aditya Verma,Consumer,Bengaluru,Karnataka
C01216,Rahul Rao,Consumer,Ranchi,Jharkhand
C01217,Sanjay Naidu,Premium,Ludhiana,Punjab
C01218,Ishita Singh,Consumer,Jaipur,Rajasthan
C01219,Neha Singh,Small Business,Indore,Madhya Pradesh
C01220,Kavya Yadav,Consumer,Ahmedabad,Gujarat
C01221,Nikhil Joshi,Consumer,Chennai,Tamil Nadu
C01222,Manish Verma,Consumer,Lucknow,Uttar Pradesh
C01223,Ravi Reddy,Consumer,Vijayawada,Andhra Pradesh
C01224,Rohan Nair,Consumer,Hyderabad,Telangana
C01225,Vivaan Kumar,Consumer,Bengaluru,Karnataka
C01226,Aarav Verma,Consumer,Kolkata,West Bengal
C01227,Rahul Verma,Small Business,Hyderabad,Telangana
C01228,Vikram Naidu,Consumer,Kochi,Kerala
C01229,Nikhil Rao,Corporate,Raipur,Chhattisgarh
C01230,Pooja Das,Small Business,Jaipur,Rajasthan
C01231,Ravi Kumar,Corporate,Lucknow,Uttar Pradesh
C01232,Aditya Rao,Consumer,New Delhi,Delhi
C01233,Pooja Verma,Consumer,Ludhiana,Punjab
C01234,Aditya Reddy,Consumer,Bengaluru,Karnataka
C01235,Kavya Sharma,Consumer,Indore,Madhya Pradesh
C01236,Aarav Reddy,Consumer,Ludhiana,Punjab
C01237,Kiran Nair,Corporate,New Delhi,Delhi
C01238,Sneha Verma,Consumer,Kolkata,West Bengal
C01239,Nikhil Rao,Consumer,Bengaluru,Karnataka
C01240,Sanjay Verma,Consumer,Bhubaneswar,Odisha
C01241,Manish Verma,Consumer,Chennai,Tamil Nadu
C01242,Sanjay Naidu,Small Business,Mumbai,Maharashtra
C01243,Aarav Yadav,Consumer,Ahmedabad,Gujarat
C01244,Priya Nair,Consumer,Hyderabad,Telangana
C01245,Manish Mehta,Corporate,Chennai,Tamil Nadu
C01246,Ishita Nair,Consumer,Raipur,Chhattisgarh
C01247,Vivaan Patel,Consumer,New Delhi,Delhi
C01248,Vivaan Reddy,Consumer,Bhubaneswar,Odisha
C01249,Aarav Naidu,Small Business,Mumbai,Maharashtra
C01250,Aditya Mehta,Corporate,Panaji,Goa
C01251,Ravi Yadav,Small Business,Kochi,Kerala
C01252,Sanjay Joshi,Consumer,Panaji,Goa
C01253,Manish Verma,Consumer,Hyderabad,Telangana
C01254,Vivaan Patel,Consumer,Vijayawada,Andhra Pradesh
C01255,Kiran Rao,Small Business,Kochi,Kerala
C01256,Ravi Singh,Corporate,Lucknow,Uttar Pradesh
C01257,Vikram Das,Consumer,Kochi,Kerala
C01258,Arjun Reddy,Consumer,Patna,Bihar
C01259,Pooja Mishra,Corporate,New Delhi,Delhi
C01260,Sanjay Mehta,Consumer,Patna,Bihar
C01261,Aarav Joshi,Consumer,Raipur,Chhattisgarh
C01262,Aarav Rao,Consumer,Chennai,Tamil Nadu
C01263,Kiran Nair,Consumer,Mumbai,Maharashtra
C01264,Neha Iyer,Corporate,Jaipur,Rajasthan
C01265,Vikram Kumar,Corporate,Indore,Madhya Pradesh
C01266,Sanjay Nair,Consumer,Ahmedabad,Gujarat
C01267,Vikram Nair,Corporate,Kolkata,West Bengal
C01268,Kiran Kumar,Consumer,Kolkata,West Bengal
C01269,Sanjay Joshi,Small Business,Bengaluru,Karnataka
C01270,Aarav Kumar,Consumer,Bengaluru,Karnataka
C01271,Ananya Nair,Premium,Bhubaneswar,Odisha
C01272,Sneha Verma,Premium,Bengaluru,Karnataka
C01273,Rohan Kumar,Premium,Bengaluru,Karnataka
C01274,Pooja Joshi,Consumer,Indore,Madhya Pradesh
C01275,Pooja Naidu,Premium,Jaipur,Rajasthan
C01276,Sneha Verma,Consumer,Lucknow,Uttar Pradesh
C01277,Aditya Gupta,Premium,Indore,Madhya Pradesh
C01278,Kavya Sharma,Small Business,Kolkata,West Bengal
C01279,Manish Mishra,Consumer,Indore,Madhya Pradesh
C01280,Vivaan Das,Corporate,Hyderabad,Telangana
C01281,Vivaan Joshi,Corporate,Indore,Madhya Pradesh
C01282,Priya Yadav,Small Business,Indore,Madhya Pradesh
C01283,Ravi Gupta,Consumer,Patna,Bihar
C01284,Sanjay Joshi,Consumer,Lucknow,Uttar Pradesh
C01285,Pooja Naidu,Consumer,Patna,Bihar
C01286,Sneha Sharma,Consumer,Chennai,Tamil Nadu
C01287,Rahul Gupta,Small Business,Ludhiana,Punjab
C01288,Meera Sharma,Small Business,Ludhiana,Punjab
C01289,Sanjay Verma,Corporate,Mumbai,Maharashtra
C01290,Aditya Gupta,Consumer,Ahmedabad,Gujarat
C01291,Sneha Iyer,Small Business,Ahmedabad,Gujarat
C01292,Pooja Yadav,Small Business,Hyderabad,Telangana
C01293,Neha Kumar,Premium,Bhubaneswar,Odisha
C01294,Ananya Patel,Consumer,Jaipur,Rajasthan
C01295,Neha Naidu,Consumer,Chennai,Tamil Nadu
C01296,Ananya Sharma,Corporate,Mumbai,Maharashtra
C01297,Rohan Mehta,Consumer,Mumbai,Maharashtra
C01298,Sanjay Rao,Small Business,Kochi,Kerala
C01299,Vikram Sharma,Small Business,Chennai,Tamil Nadu
C01300,Rohan Rao,Small Business,Kolkata,West Bengal
C01301,Pooja Mishra,Consumer,Bengaluru,Karnataka
C01302,Aarav Sharma,Premium,Jaipur,Rajasthan
C01303,Ishita Singh,Premium,Ludhiana,Punjab
C01304,Aarav Sharma,Small Business,Raipur,Chhattisgarh
C01305,Priya Verma,Consumer,Vijayawada,Andhra Pradesh
C01306,Kiran Singh,Small Business,Patna,Bihar
C01307,Ishita Reddy,Consumer,Hyderabad,Telangana
C01308,Priya Singh,Premium,Ludhiana,Punjab
C01309,Ananya Joshi,Corporate,Patna,Bihar
C01310,Priya Gupta,Corporate,New Delhi,Delhi
C01311,Ananya Mehta,Premium,Kolkata,West Bengal
C01312,Arjun Yadav,Corporate,Patna,Bihar
C01313,Ananya Rao,Small Business,Mumbai,Maharashtra
C01314,Manish Nair,Corporate,Kolkata,West Bengal
C01315,Meera Patel,Small Business,Kochi,Kerala
C01316,Ishita Patel,Consumer,Kolkata,West Bengal
C01317,Neha Naidu,Small Business,Mumbai,Maharashtra
C01318,Sneha Nair,Consumer,Bengaluru,Karnataka
C01319,Ravi Patel,Small Business,Jaipur,Rajasthan
C01320,Vikram Gupta,Small Business,Kolkata,West Bengal
C01321,Ananya Naidu,Consumer,Raipur,Chhattisgarh
C01322,Kavya Iyer,Small Business,Jaipur,Rajasthan
C01323,Neha Das,Small Business,Bengaluru,Karnataka
C01324,Kavya Iyer,Consumer,New Delhi,Delhi
C01325,Nikhil Nair,Premium,Lucknow,Uttar Pradesh
C01326,Rahul Naidu,Premium,Kolkata,West Bengal
C01327,Ishita Yadav,Consumer,Raipur,Chhattisgarh
C01328,Vivaan Joshi,Small Business,Jaipur,Rajasthan
C01329,Sneha Nair,Consumer,Lucknow,Uttar Pradesh
C01330,Neha Gupta,Consumer,Indore,Madhya Pradesh
C01331,Ananya Iyer,Consumer,Ranchi,Jharkhand
C01332,Kiran Mishra,Consumer,Hyderabad,Telangana
C01333,Aarav Naidu,Consumer,New Delhi,Delhi
C01334,Aarav Kumar,Small Business,Bengaluru,Karnataka
C01335,Ishita Nair,Corporate,Mumbai,Maharashtra
C01336,Ravi Kumar,Consumer,Vijayawada,Andhra Pradesh
C01337,Sanjay Das,Small Business,Ahmedabad,Gujarat
C01338,Ananya Patel,Consumer,Lucknow,Uttar Pradesh
C01339,Priya Gupta,Premium,Ludhiana,Punjab
C01340,Arjun Reddy,Small Business,New Delhi,Delhi
C01341,Sanjay Iyer,Consumer,New Delhi,Delhi
C01342,Aditya Joshi,Consumer,Lucknow,Uttar Pradesh
C01343,Ishita Naidu,Premium,Bengaluru,Karnataka
C01344,Sneha Nair,Consumer,New Delhi,Delhi
C01345,Meera Nair,Premium,Lucknow,Uttar Pradesh
C01346,Sanjay Kumar,Premium,Lucknow,Uttar Pradesh
C01347,Ravi Mehta,Consumer,Mumbai,Maharashtra
C01348,Neha Mishra,Consumer,Indore,Madhya Pradesh
C01349,Ishita Naidu,Consumer,Kochi,Kerala
C01350,Sanjay Verma,Consumer,Chennai,Tamil Nadu
C01351,Kiran Kumar,Consumer,Jaipur,Rajasthan
C01352,Meera Das,Consumer,Patna,Bihar
C01353,Ishita Iyer,Consumer,Bengaluru,Karnataka
C01354,Neha Das,Premium,Patna,Bihar
C01355,Ravi Naidu,Consumer,Raipur,Chhattisgarh
C01356,Meera Mehta,Consumer,Panaji,Goa
C01357,Ravi Sharma,Small Business,New Delhi,Delhi
C01358,Priya Reddy,Consumer,Mumbai,Maharashtra
C01359,Nikhil Nair,Small Business,New Delhi,Delhi
C01360,Vikram Naidu,Consumer,Indore,Madhya Pradesh
C01361,Rohan Singh,Consumer,Kolkata,West Bengal
C01362,Nikhil Patel,Premium,Chennai,Tamil Nadu
C01363,Aarav Joshi,Consumer,Bhubaneswar,Odisha
C01364,Kavya Patel,Consumer,Chennai,Tamil Nadu
C01365,Pooja Gupta,Corporate,Ahmedabad,Gujarat
C01366,Aarav Yadav,Corporate,Mumbai,Maharashtra
C01367,Pooja Verma,Consumer,Jaipur,Rajasthan
C01368,Ravi Rao,Premium,Ahmedabad,Gujarat
C01369,Kavya Patel,Consumer,Lucknow,Uttar Pradesh
C01370,Aditya Mishra,Corporate,Vijayawada,Andhra Pradesh
C01371,Neha Mehta,Corporate,Ahmedabad,Gujarat
C01372,Manish Iyer,Consumer,Indore,Madhya Pradesh
C01373,Aditya Mehta,Corporate,Kochi,Kerala
C01374,Ishita Gupta,Corporate,Ranchi,Jharkhand
C01375,Vivaan Nair,Consumer,Mumbai,Maharashtra
C01376,Rohan Mehta,Corporate,Patna,Bihar
C01377,Rohan Das,Small Business,Ludhiana,Punjab
C01378,Pooja Kumar,Consumer,Bengaluru,Karnataka
C01379,Ishita Singh,Consumer,Kolkata,West Bengal
C01380,Rohan Patel,Small Business,Ahmedabad,Gujarat
C01381,Rohan Naidu,Consumer,Bhubaneswar,Odisha
C01382,Sneha Patel,Consumer,Kochi,Kerala
C01383,Vivaan Joshi,Consumer,Indore,Madhya Pradesh
C01384,Pooja Yadav,Consumer,Chennai,Tamil Nadu
C01385,Rahul Yadav,Small Business,Kochi,Kerala
C01386,Rahul Iyer,Consumer,Raipur,Chhattisgarh
C01387,Ananya Rao,Consumer,Vijayawada,Andhra Pradesh
C01388,Nikhil Gupta,Corporate,Kochi,Kerala
C01389,Kiran Mishra,Consumer,Indore,Madhya Pradesh
C01390,Aarav Rao,Small Business,Jaipur,Rajasthan
C01391,Sanjay Rao,Corporate,Patna,Bihar
C01392,Rohan Singh,Consumer,Mumbai,Maharashtra
C01393,Meera Sharma,Consumer,Hyderabad,Telangana
C01394,Meera Verma,Consumer,Kochi,Kerala
C01395,Vivaan Nair,Premium,Bhubaneswar,Odisha
C01396,Kavya Nair,Consumer,Ahmedabad,Gujarat
C01397,Aarav Patel,Consumer,Kolkata,West Bengal
C01398,Ishita Joshi,Small Business,Jaipur,Rajasthan
C01399,Ananya Singh,Consumer,Ranchi,Jharkhand
C01400,Priya Sharma,Consumer,Mumbai,Maharashtra
C01401,Sanjay Reddy,Corporate,Bhubaneswar,Odisha
C01402,Nikhil Iyer,Consumer,Vijayawada,Andhra Pradesh
C01403,Arjun Iyer,Corporate,Hyderabad,Telangana
C01404,Ravi Verma,Small Business,Mumbai,Maharashtra
C01405,Sanjay Kumar,Premium,Kolkata,West Bengal
C01406,Neha Mehta,Small Business,Bhubaneswar,Odisha
C01407,Ravi Gupta,Small Business,Raipur,Chhattisgarh
C01408,Ravi Yadav,Consumer,Bhubaneswar,Odisha
C01409,Kavya Nair,Small Business,Chennai,Tamil Nadu
C01410,Aditya Gupta,Small Business,Lucknow,Uttar Pradesh
C01411,Ishita Mishra,Consumer,Patna,Bihar
C01412,Neha Das,Small Business,Ranchi,Jharkhand
C01413,Manish Patel,Corporate,Lucknow,Uttar Pradesh
C01414,Pooja Nair,Consumer,Raipur,Chhattisgarh
C01415,Nikhil Patel,Small Business,Bhubaneswar,Odisha
C01416,Nikhil Mehta,Consumer,Vijayawada,Andhra Pradesh
C01417,Rahul Verma,Small Business,Ludhiana,Punjab
C01418,Ravi Joshi,Consumer,Kochi,Kerala
C01419,Meera Patel,Small Business,Chennai,Tamil Nadu
C01420,Ishita Singh,Consumer,Vijayawada,Andhra Pradesh
C01421,Vivaan Das,Consumer,Indore,Madhya Pradesh
C01422,Arjun Mehta,Consumer,Lucknow,Uttar Pradesh
C01423,Vikram Verma,Consumer,Ahmedabad,Gujarat
C01424,Aarav Yadav,Consumer,Vijayawada,Andhra Pradesh
C01425,Nikhil Verma,Consumer,Chennai,Tamil Nadu
C01426,Vikram Patel,Consumer,Mumbai,Maharashtra
C01427,Ishita Mishra,Consumer,Panaji,Goa
C01428,Rahul Iyer,Corporate,Lucknow,Uttar Pradesh
C01429,Manish Rao,Corporate,Ludhiana,Punjab
C01430,Pooja Mishra,Small Business,Ranchi,Jharkhand
C01431,Priya Verma,Consumer,Ahmedabad,Gujarat
C01432,Ravi Mehta,Premium,Kolkata,West Bengal
C01433,Vivaan Verma,Premium,Ludhiana,Punjab
C01434,Ananya Patel,Corporate,Indore,Madhya Pradesh
C01435,Manish Patel,Consumer,Kolkata,West Bengal
C01436,Manish Rao,Corporate,Ranchi,Jharkhand
C01437,Rahul Iyer,Consumer,Bengaluru,Karnataka
C01438,Ravi Kumar,Corporate,Mumbai,Maharashtra
C01439,Pooja Joshi,Small Business,Chennai,Tamil Nadu
C01440,Kavya Gupta,Consumer,Ludhiana,Punjab
C01441,Aarav Singh,Consumer,Chennai,Tamil Nadu
C01442,Sneha Kumar,Consumer,Kochi,Kerala
C01443,Arjun Verma,Corporate,Bengaluru,Karnataka
C01444,Kavya Yadav,Small Business,Ludhiana,Punjab
C01445,Neha Mishra,Corporate,Raipur,Chhattisgarh
C01446,Rahul Sharma,Consumer,Chennai,Tamil Nadu
C01447,Kiran Naidu,Consumer,Mumbai,Maharashtra
C01448,Aditya Iyer,Small Business,Panaji,Goa
C01449,Ishita Gupta,Corporate,Ludhiana,Punjab
C01450,Neha Sharma,Small Business,Ludhiana,Punjab
C01451,Sneha Singh,Consumer,Ahmedabad,Gujarat
C01452,Ravi Yadav,Corporate,Vijayawada,Andhra Pradesh
C01453,Priya Gupta,Consumer,Ludhiana,Punjab
C01454,Neha Verma,Consumer,Ludhiana,Punjab
C01455,Ananya Das,Consumer,Hyderabad,Telangana
C01456,Ishita Mehta,Consumer,Kolkata,West Bengal
C01457,Pooja Mishra,Corporate,Ahmedabad,Gujarat
C01458,Vivaan Nair,Premium,Ludhiana,Punjab
C01459,Sneha Rao,Small Business,Raipur,Chhattisgarh
C01460,Sneha Patel,Consumer,Bhubaneswar,Odisha
C01461,Ananya Joshi,Consumer,Lucknow,Uttar Pradesh
C01462,Ravi Gupta,Corporate,Vijayawada,Andhra Pradesh
C01463,Rahul Gupta,Consumer,Vijayawada,Andhra Pradesh
C01464,Pooja Das,Consumer,Patna,Bihar
C01465,Priya Mehta,Corporate,Bengaluru,Karnataka
C01466,Aarav Rao,Premium,Bengaluru,Karnataka
C01467,Vikram Singh,Consumer,Lucknow,Uttar Pradesh
C01468,Arjun Nair,Consumer,Jaipur,Rajasthan
C01469,Kiran Mishra,Consumer,Chennai,Tamil Nadu
C01470,Ravi Reddy,Premium,Kochi,Kerala
C01471,Ananya Patel,Premium,Ludhiana,Punjab
C01472,Aditya Sharma,Consumer,Bengaluru,Karnataka
C01473,Meera Joshi,Small Business,Ahmedabad,Gujarat
C01474,Sanjay Verma,Premium,Raipur,Chhattisgarh
C01475,Aarav Nair,Small Business,Vijayawada,Andhra Pradesh
C01476,Ravi Yadav,Consumer,Ranchi,Jharkhand
C01477,Aditya Mishra,Consumer,Lucknow,Uttar Pradesh
C01478,Meera Joshi,Premium,Ludhiana,Punjab
C01479,Kavya Das,Consumer,Ranchi,Jharkhand
C01480,Sanjay Kumar,Consumer,Mumbai,Maharashtra
C01481,Aditya Das,Small Business,Panaji,Goa
C01482,Rahul Joshi,Consumer,Patna,Bihar
C01483,Pooja Reddy,Small Business,Lucknow,Uttar Pradesh
C01484,Sneha Joshi,Small Business,Patna,Bihar
C01485,Sneha Sharma,Small Business,Chennai,Tamil Nadu
C01486,Rohan Gupta,Consumer,New Delhi,Delhi
C01487,Vikram Gupta,Corporate,Kochi,Kerala
C01488,Kiran Iyer,Consumer,Lucknow,Uttar Pradesh
C01489,Rahul Mishra,Consumer,New Delhi,Delhi
C01490,Rohan Yadav,Consumer,Indore,Madhya Pradesh
C01491,Neha Patel,Small Business,Mumbai,Maharashtra
C01492,Vivaan Kumar,Premium,Lucknow,Uttar Pradesh
C01493,Sneha Mehta,Consumer,Ludhiana,Punjab
C01494,Meera Sharma,Consumer,Jaipur,Rajasthan
C01495,Rohan Verma,Corporate,Hyderabad,Telangana
C01496,Ananya Verma,Consumer,Ahmedabad,Gujarat
C01497,Vivaan Yadav,Consumer,Ahmedabad,Gujarat
C01498,Vikram Nair,Consumer,Kochi,Kerala
C01499,Sanjay Rao,Consumer,Kochi,Kerala
C01500,Sanjay Yadav,Consumer,Kochi,Kerala
C01501,Ananya Rao,Premium,Chennai,Tamil Nadu
C01502,Ishita Das,Consumer,Ranchi,Jharkhand
C01503,Neha Patel,Premium,Bengaluru,Karnataka
C01504,Pooja Reddy,Consumer,Ranchi,Jharkhand
C01505,Vikram Joshi,Corporate,Ahmedabad,Gujarat
C01506,Nikhil Singh,Consumer,Chennai,Tamil Nadu
C01507,Vivaan Gupta,Consumer,Ahmedabad,Gujarat
C01508,Arjun Gupta,Consumer,New Delhi,Delhi
C01509,Nikhil Nair,Corporate,Ludhiana,Punjab
C01510,Meera Patel,Consumer,Chennai,Tamil Nadu
C01511,Rahul Yadav,Consumer,Ludhiana,Punjab
C01512,Pooja Verma,Corporate,Bengaluru,Karnataka
C01513,Vivaan Nair,Corporate,Ahmedabad,Gujarat
C01514,Rahul Patel,Consumer,Panaji,Goa
C01515,Vivaan Gupta,Consumer,Kochi,Kerala
C01516,Vivaan Naidu,Premium,Kochi,Kerala
C01517,Nikhil Joshi,Consumer,Indore,Madhya Pradesh
C01518,Ravi Rao,Consumer,Panaji,Goa
C01519,Aarav Iyer,Consumer,Vijayawada,Andhra Pradesh
C01520,Meera Rao,Consumer,Hyderabad,Telangana
C01521,Meera Singh,Small Business,Ludhiana,Punjab
C01522,Ananya Patel,Corporate,Ahmedabad,Gujarat
C01523,Arjun Reddy,Consumer,Jaipur,Rajasthan
C01524,Ananya Kumar,Corporate,New Delhi,Delhi
C01525,Rohan Naidu,Premium,Mumbai,Maharashtra
C01526,Neha Sharma,Corporate,Kochi,Kerala
C01527,Sneha Iyer,Consumer,Vijayawada,Andhra Pradesh
C01528,Nikhil Reddy,Small Business,Vijayawada,Andhra Pradesh
C01529,Rahul Naidu,Consumer,Raipur,Chhattisgarh
C01530,Ananya Yadav,Small Business,Kochi,Kerala
C01531,Manish Gupta,Corporate,Vijayawada,Andhra Pradesh
C01532,Kavya Verma,Premium,Ludhiana,Punjab
C01533,Sneha Kumar,Corporate,Panaji,Goa
C01534,Rahul Joshi,Consumer,Ahmedabad,Gujarat
C01535,Kiran Iyer,Small Business,Hyderabad,Telangana
C01536,Sneha Gupta,Small Business,Mumbai,Maharashtra
C01537,Ananya Joshi,Consumer,Raipur,Chhattisgarh
C01538,Pooja Yadav,Consumer,Bhubaneswar,Odisha
C01539,Rohan Iyer,Consumer,Lucknow,Uttar Pradesh
C01540,Vikram Rao,Small Business,Vijayawada,Andhra Pradesh
C01541,Manish Kumar,Corporate,Panaji,Goa
C01542,Priya Verma,Small Business,Kolkata,West Bengal
C01543,Ravi Kumar,Premium,Mumbai,Maharashtra
C01544,Aditya Gupta,Small Business,Mumbai,Maharashtra
C01545,Nikhil Das,Consumer,New Delhi,Delhi
C01546,Ananya Nair,Consumer,Kolkata,West Bengal
C01547,Ishita Iyer,Corporate,Chennai,Tamil Nadu
C01548,Ravi Yadav,Consumer,Mumbai,Maharashtra
C01549,Kiran Gupta,Consumer,Bhubaneswar,Odisha
C01550,Nikhil Kumar,Consumer,Ludhiana,Punjab
C01551,Ananya Gupta,Corporate,Patna,Bihar
C01552,Vivaan Kumar,Consumer,Ludhiana,Punjab
C01553,Kiran Rao,Small Business,Kochi,Kerala
C01554,Aditya Singh,Corporate,Vijayawada,Andhra Pradesh
C01555,Manish Singh,Corporate,Indore,Madhya Pradesh
C01556,Arjun Reddy,Consumer,Lucknow,Uttar Pradesh
C01557,Aditya Das,Small Business,New Delhi,Delhi
C01558,Ananya Kumar,Consumer,Bhubaneswar,Odisha
C01559,Vikram Patel,Corporate,Kochi,Kerala
C01560,Vikram Iyer,Premium,Jaipur,Rajasthan
C01561,Rohan Nair,Corporate,Panaji,Goa
C01562,Priya Singh,Premium,Ludhiana,Punjab
C01563,Vivaan Naidu,Small Business,Kolkata,West Bengal
C01564,Neha Yadav,Consumer,Kolkata,West Bengal
C01565,Vikram Nair,Small Business,Mumbai,Maharashtra
C01566,Kavya Joshi,Small Business,Patna,Bihar
C01567,Rohan Mishra,Small Business,Mumbai,Maharashtra
C01568,Nikhil Rao,Consumer,Jaipur,Rajasthan
C01569,Nikhil Joshi,Small Business,Kolkata,West Bengal
C01570,Ananya Gupta,Premium,Patna,Bihar
C01571,Arjun Sharma,Consumer,Ludhiana,Punjab
C01572,Neha Mehta,Premium,Lucknow,Uttar Pradesh
C01573,Meera Mehta,Consumer,Ludhiana,Punjab
C01574,Aditya Joshi,Consumer,Ludhiana,Punjab
C01575,Aarav Reddy,Small Business,Ahmedabad,Gujarat
C01576,Ishita Das,Small Business,Lucknow,Uttar Pradesh
C01577,Kiran Sharma,Consumer,Ludhiana,Punjab
C01578,Vivaan Gupta,Consumer,Lucknow,Uttar Pradesh
C01579,Rohan Sharma,Corporate,Panaji,Goa
C01580,Ishita Gupta,Consumer,Bengaluru,Karnataka
C01581,Rahul Verma,Consumer,Ranchi,Jharkhand
C01582,Priya Verma,Corporate,Lucknow,Uttar Pradesh
C01583,Aarav Gupta,Consumer,Bengaluru,Karnataka
C01584,Pooja Verma,Consumer,Raipur,Chhattisgarh
C01585,Sneha Iyer,Small Business,Ludhiana,Punjab
C01586,Vikram Gupta,Corporate,Mumbai,Maharashtra
C01587,Rahul Das,Consumer,Bengaluru,Karnataka
C01588,Kiran Joshi,Consumer,Bengaluru,Karnataka
C01589,Nikhil Patel,Premium,Indore,Madhya Pradesh
C01590,Rohan Singh,Small Business,Kolkata,West Bengal
C01591,Neha Rao,Premium,Chennai,Tamil Nadu
C01592,Manish Iyer,Small Business,Ludhiana,Punjab
C01593,Meera Mehta,Corporate,Kochi,Kerala
C01594,Vikram Verma,Premium,Chennai,Tamil Nadu
C01595,Ravi Iyer,Consumer,Ranchi,Jharkhand
C01596,Arjun Reddy,Consumer,Hyderabad,Telangana
C01597,Vivaan Gupta,Corporate,Vijayawada,Andhra Pradesh
C01598,Kavya Mishra,Consumer,Bhubaneswar,Odisha
C01599,Sneha Yadav,Small Business,Ranchi,Jharkhand
C01600,Pooja Kumar,Consumer,Chennai,Tamil Nadu
C01601,Rahul Reddy,Consumer,Kolkata,West Bengal
C01602,Vivaan Nair,Small Business,Patna,Bihar
C01603,Ishita Patel,Consumer,Raipur,Chhattisgarh
C01604,Sneha Verma,Consumer,Kochi,Kerala
C01605,Pooja Patel,Consumer,Bhubaneswar,Odisha
C01606,Rohan Reddy,Corporate,Ahmedabad,Gujarat
C01607,Arjun Reddy,Consumer,Hyderabad,Telangana
C01608,Arjun Naidu,Corporate,Kolkata,West Bengal
C01609,Arjun Singh,Consumer,New Delhi,Delhi
C01610,Priya Kumar,Consumer,Bengaluru,Karnataka
C01611,Sanjay Das,Consumer,Jaipur,Rajasthan
C01612,Nikhil Joshi,Consumer,Jaipur,Rajasthan
C01613,Nikhil Das,Small Business,Bhubaneswar,Odisha
C01614,Kiran Mehta,Consumer,Bengaluru,Karnataka
C01615,Arjun Verma,Small Business,Jaipur,Rajasthan
C01616,Priya Joshi,Corporate,Ahmedabad,Gujarat
C01617,Ishita Naidu,Consumer,Ludhiana,Punjab
C01618,Priya Joshi,Small Business,Patna,Bihar
C01619,Rohan Verma,Consumer,Panaji,Goa
C01620,Nikhil Patel,Small Business,Indore,Madhya Pradesh
C01621,Vikram Singh,Consumer,Vijayawada,Andhra Pradesh
C01622,Priya Joshi,Small Business,Chennai,Tamil Nadu
C01623,Vivaan Mishra,Consumer,Kolkata,West Bengal
C01624,Sneha Naidu,Consumer,Bengaluru,Karnataka
C01625,Nikhil Das,Consumer,Jaipur,Rajasthan
C01626,Sneha Mishra,Corporate,Indore,Madhya Pradesh
C01627,Sneha Rao,Small Business,Kolkata,West Bengal
C01628,Neha Mehta,Small Business,Panaji,Goa
C01629,Nikhil Verma,Small Business,Lucknow,Uttar Pradesh
C01630,Meera Mishra,Consumer,New Delhi,Delhi
C01631,Aarav Joshi,Small Business,Indore,Madhya Pradesh
C01632,Sanjay Singh,Small Business,Panaji,Goa
C01633,Aarav Naidu,Corporate,Ranchi,Jharkhand
C01634,Ishita Kumar,Small Business,Ahmedabad,Gujarat
C01635,Arjun Yadav,Consumer,Raipur,Chhattisgarh
C01636,Neha Naidu,Corporate,Raipur,Chhattisgarh
C01637,Vivaan Singh,Consumer,Kochi,Kerala
C01638,Ishita Nair,Small Business,Hyderabad,Telangana
C01639,Ananya Patel,Corporate,Panaji,Goa
C01640,Nikhil Joshi,Corporate,New Delhi,Delhi
C01641,Priya Singh,Premium,Patna,Bihar
C01642,Vikram Rao,Consumer,Kolkata,West Bengal
C01643,Aditya Gupta,Consumer,Kochi,Kerala
C01644,Ishita Naidu,Corporate,Lucknow,Uttar Pradesh
C01645,Sneha Yadav,Consumer,Bengaluru,Karnataka
C01646,Ishita Mishra,Consumer,Patna,Bihar
C01647,Kavya Verma,Small Business,New Delhi,Delhi
C01648,Aarav Mishra,Consumer,Raipur,Chhattisgarh
C01649,Ravi Yadav,Corporate,Jaipur,Rajasthan
C01650,Pooja Sharma,Consumer,Lucknow,Uttar Pradesh
C01651,Neha Rao,Small Business,Raipur,Chhattisgarh
C01652,Kiran Mishra,Premium,Hyderabad,Telangana
C01653,Aditya Iyer,Consumer,Raipur,Chhattisgarh
C01654,Sanjay Verma,Small Business,Raipur,Chhattisgarh
C01655,Vivaan Singh,Consumer,Kolkata,West Bengal
C01656,Ishita Joshi,Small Business,Bengaluru,Karnataka
C01657,Aditya Sharma,Corporate,Raipur,Chhattisgarh
C01658,Vivaan Patel,Small Business,Chennai,Tamil Nadu
C01659,Manish Naidu,Small Business,Ahmedabad,Gujarat
C01660,Meera Joshi,Small Business,Bhubaneswar,Odisha
C01661,Arjun Naidu,Corporate,Jaipur,Rajasthan
C01662,Neha Sharma,Small Business,Hyderabad,Telangana
C01663,Pooja Mishra,Consumer,Vijayawada,Andhra Pradesh
C01664,Pooja Verma,Small Business,Ranchi,Jharkhand
C01665,Rahul Mehta,Corporate,Kolkata,West Bengal
C01666,Sanjay Naidu,Small Business,Lucknow,Uttar Pradesh
C01667,Aditya Gupta,Corporate,Jaipur,Rajasthan
C01668,Ananya Kumar,Consumer,New Delhi,Delhi
C01669,Rohan Yadav,Consumer,Bengaluru,Karnataka
C01670,Vivaan Kumar,Corporate,Chennai,Tamil Nadu
C01671,Arjun Gupta,Consumer,Kochi,Kerala
C01672,Meera Yadav,Consumer,Bhubaneswar,Odisha
C01673,Sneha Mehta,Consumer,Ranchi,Jharkhand
C01674,Rahul Verma,Small Business,Mumbai,Maharashtra
C01675,Manish Joshi,Consumer,Lucknow,Uttar Pradesh
C01676,Ravi Das,Corporate,Mumbai,Maharashtra
C01677,Rahul Reddy,Consumer,Lucknow,Uttar Pradesh
C01678,Rahul Iyer,Consumer,Bhubaneswar,Odisha
C01679,Ananya Nair,Small Business,Lucknow,Uttar Pradesh
C01680,Vikram Kumar,Small Business,Kochi,Kerala
C01681,Ishita Mehta,Consumer,Kolkata,West Bengal
C01682,Neha Singh,Consumer,Bhubaneswar,Odisha
C01683,Neha Joshi,Consumer,Raipur,Chhattisgarh
C01684,Kiran Yadav,Consumer,Raipur,Chhattisgarh
C01685,Kiran Iyer,Small Business,New Delhi,Delhi
C01686,Rahul Kumar,Consumer,Bengaluru,Karnataka
C01687,Ishita Naidu,Consumer,Raipur,Chhattisgarh
C01688,Rohan Sharma,Consumer,Lucknow,Uttar Pradesh
C01689,Vikram Iyer,Corporate,Mumbai,Maharashtra
C01690,Rahul Patel,Corporate,Kochi,Kerala
C01691,Kiran Joshi,Consumer,Vijayawada,Andhra Pradesh
C01692,Aditya Patel,Consumer,Kochi,Kerala
C01693,Vikram Mehta,Small Business,Ranchi,Jharkhand
C01694,Aditya Rao,Corporate,Raipur,Chhattisgarh
C01695,Neha Mehta,Consumer,Bengaluru,Karnataka
C01696,Vikram Singh,Consumer,Patna,Bihar
C01697,Aarav Singh,Small Business,New Delhi,Delhi
C01698,Pooja Yadav,Consumer,Mumbai,Maharashtra
C01699,Priya Iyer,Consumer,Raipur,Chhattisgarh
C01700,Rohan Joshi,Consumer,Ahmedabad,Gujarat
C01701,Ravi Nair,Corporate,Chennai,Tamil Nadu
C01702,Sanjay Iyer,Corporate,Ranchi,Jharkhand
C01703,Vikram Iyer,Corporate,Vijayawada,Andhra Pradesh
C01704,Vikram Sharma,Small Business,Chennai,Tamil Nadu
C01705,Ananya Iyer,Consumer,Bhubaneswar,Odisha
C01706,Rahul Naidu,Consumer,Panaji,Goa
C01707,Arjun Nair,Corporate,Indore,Madhya Pradesh
C01708,Nikhil Naidu,Consumer,Chennai,Tamil Nadu
C01709,Manish Yadav,Corporate,Hyderabad,Telangana
C01710,Vivaan Sharma,Consumer,Mumbai,Maharashtra
C01711,Pooja Rao,Consumer,Chennai,Tamil Nadu
C01712,Kavya Mishra,Premium,Lucknow,Uttar Pradesh
C01713,Priya Yadav,Small Business,New Delhi,Delhi
C01714,Meera Patel,Small Business,Ludhiana,Punjab
C01715,Rohan Rao,Consumer,Ludhiana,Punjab
C01716,Ishita Singh,Corporate,Bhubaneswar,Odisha
C01717,Sneha Mishra,Premium,Ranchi,Jharkhand
C01718,Meera Reddy,Consumer,Indore,Madhya Pradesh
C01719,Kiran Naidu,Consumer,Bengaluru,Karnataka
C01720,Rahul Mishra,Small Business,New Delhi,Delhi
C01721,Aarav Iyer,Corporate,New Delhi,Delhi
C01722,Ishita Verma,Consumer,New Delhi,Delhi
C01723,Kiran Mehta,Consumer,New Delhi,Delhi
C01724,Kiran Mehta,Consumer,Panaji,Goa
C01725,Neha Mehta,Small Business,Bhubaneswar,Odisha
C01726,Nikhil Reddy,Consumer,Lucknow,Uttar Pradesh
C01727,Vikram Iyer,Consumer,Vijayawada,Andhra Pradesh
C01728,Kavya Mehta,Consumer,Panaji,Goa
C01729,Vivaan Joshi,Small Business,Bhubaneswar,Odisha
C01730,Manish Mishra,Small Business,Panaji,Goa
C01731,Neha Sharma,Corporate,Bengaluru,Karnataka
C01732,Ravi Patel,Corporate,Bhubaneswar,Odisha
C01733,Ishita Iyer,Corporate,Kolkata,West Bengal
C01734,Sanjay Verma,Consumer,Mumbai,Maharashtra
C01735,Vivaan Sharma,Small Business,Chennai,Tamil Nadu
C01736,Meera Kumar,Consumer,Ludhiana,Punjab
C01737,Aarav Kumar,Premium,Raipur,Chhattisgarh
C01738,Pooja Verma,Consumer,Bengaluru,Karnataka
C01739,Rohan Das,Consumer,Lucknow,Uttar Pradesh
C01740,Aditya Das,Consumer,Ranchi,Jharkhand
C01741,Vivaan Verma,Consumer,Kochi,Kerala
C01742,Priya Iyer,Consumer,Kolkata,West Bengal
C01743,Meera Mishra,Small Business,Chennai,Tamil Nadu
C01744,Kiran Sharma,Small Business,Bhubaneswar,Odisha
C01745,Nikhil Naidu,Consumer,Ludhiana,Punjab
C01746,Sanjay Mishra,Consumer,Vijayawada,Andhra Pradesh
C01747,Pooja Naidu,Consumer,Jaipur,Rajasthan
C01748,Kavya Joshi,Corporate,Bhubaneswar,Odisha
C01749,Vikram Reddy,Consumer,Lucknow,Uttar Pradesh
C01750,Meera Rao,Small Business,Indore,Madhya Pradesh
C01751,Arjun Singh,Consumer,Indore,Madhya Pradesh
C01752,Ravi Verma,Consumer,Patna,Bihar
C01753,Pooja Iyer,Small Business,Kolkata,West Bengal
C01754,Meera Naidu,Corporate,Patna,Bihar
C01755,Ishita Reddy,Premium,Lucknow,Uttar Pradesh
C01756,Vivaan Iyer,Small Business,Lucknow,Uttar Pradesh
C01757,Rahul Mishra,Small Business,Indore,Madhya Pradesh
C01758,Aarav Patel,Consumer,New Delhi,Delhi
C01759,Nikhil Mishra,Consumer,Chennai,Tamil Nadu
C01760,Manish Rao,Consumer,Panaji,Goa
C01761,Kavya Rao,Premium,New Delhi,Delhi
C01762,Kiran Iyer,Corporate,Raipur,Chhattisgarh
C01763,Vikram Naidu,Consumer,Bhubaneswar,Odisha
C01764,Meera Reddy,Premium,Indore,Madhya Pradesh
C01765,Sanjay Gupta,Corporate,Chennai,Tamil Nadu
C01766,Meera Verma,Consumer,Mumbai,Maharashtra
C01767,Rohan Nair,Corporate,Lucknow,Uttar Pradesh
C01768,Neha Verma,Consumer,Chennai,Tamil Nadu
C01769,Rahul Iyer,Corporate,Mumbai,Maharashtra
C01770,Manish Yadav,Consumer,Raipur,Chhattisgarh
C01771,Kavya Singh,Consumer,Ludhiana,Punjab
C01772,Priya Patel,Consumer,Indore,Madhya Pradesh
C01773,Rohan Kumar,Consumer,Ahmedabad,Gujarat
C01774,Sneha Singh,Corporate,New Delhi,Delhi
C01775,Vivaan Mishra,Corporate,Ranchi,Jharkhand
C01776,Arjun Kumar,Consumer,Ahmedabad,Gujarat
C01777,Rahul Reddy,Consumer,Lucknow,Uttar Pradesh
C01778,Ananya Sharma,Consumer,Bengaluru,Karnataka
C01779,Nikhil Das,Consumer,Jaipur,Rajasthan
C01780,Ishita Singh,Consumer,Raipur,Chhattisgarh
C01781,Ravi Joshi,Consumer,Kochi,Kerala
C01782,Pooja Reddy,Consumer,Patna,Bihar
C01783,Sanjay Gupta,Consumer,Patna,Bihar
C01784,Nikhil Nair,Consumer,Indore,Madhya Pradesh
C01785,Pooja Mishra,Consumer,Mumbai,Maharashtra
C01786,Arjun Reddy,Corporate,Raipur,Chhattisgarh
C01787,Ananya Iyer,Consumer,Hyderabad,Telangana
C01788,Kiran Mishra,Consumer,Patna,Bihar
C01789,Arjun Verma,Consumer,Kolkata,West Bengal
C01790,Sanjay Singh,Corporate,Mumbai,Maharashtra
C01791,Aditya Sharma,Consumer,Kolkata,West Bengal
C01792,Meera Reddy,Small Business,Chennai,Tamil Nadu
C01793,Manish Naidu,Small Business,Kolkata,West Bengal
C01794,Vikram Das,Premium,Bengaluru,Karnataka
C01795,Vikram Sharma,Consumer,Mumbai,Maharashtra
C01796,Ananya Mishra,Small Business,Mumbai,Maharashtra
C01797,Priya Das,Small Business,Bengaluru,Karnataka
C01798,Ishita Mishra,Consumer,Vijayawada,Andhra Pradesh
C01799,Pooja Gupta,Consumer,Ahmedabad,Gujarat
C01800,Rahul Joshi,Small Business,Panaji,Goa
C01801,Nikhil Naidu,Consumer,New Delhi,Delhi
C01802,Sanjay Rao,Consumer,Panaji,Goa
C01803,Rohan Mishra,Consumer,Indore,Madhya Pradesh
C01804,Ananya Kumar,Consumer,Hyderabad,Telangana
C01805,Ishita Verma,Corporate,New Delhi,Delhi
C01806,Ananya Yadav,Corporate,Vijayawada,Andhra Pradesh
C01807,Arjun Mishra,Corporate,Hyderabad,Telangana
C01808,Vivaan Joshi,Consumer,Ahmedabad,Gujarat
C01809,Ananya Kumar,Consumer,Panaji,Goa
C01810,Nikhil Nair,Consumer,Lucknow,Uttar Pradesh
C01811,Vikram Das,Consumer,Bhubaneswar,Odisha
C01812,Vivaan Nair,Consumer,Patna,Bihar
C01813,Vikram Gupta,Consumer,Chennai,Tamil Nadu
C01814,Kavya Patel,Premium,Raipur,Chhattisgarh
C01815,Meera Mehta,Consumer,Ahmedabad,Gujarat
C01816,Vikram Kumar,Corporate,Kolkata,West Bengal
C01817,Rahul Sharma,Small Business,Jaipur,Rajasthan
C01818,Kiran Singh,Consumer,Vijayawada,Andhra Pradesh
C01819,Aarav Joshi,Corporate,Vijayawada,Andhra Pradesh
C01820,Kiran Mishra,Consumer,Panaji,Goa
C01821,Arjun Patel,Consumer,Raipur,Chhattisgarh
C01822,Arjun Verma,Premium,Lucknow,Uttar Pradesh
C01823,Sneha Verma,Premium,Kochi,Kerala
C01824,Ananya Reddy,Premium,Panaji,Goa
C01825,Sneha Mishra,Premium,Mumbai,Maharashtra
C01826,Ravi Joshi,Consumer,Lucknow,Uttar Pradesh
C01827,Rohan Joshi,Corporate,Kolkata,West Bengal
C01828,Meera Patel,Small Business,Ludhiana,Punjab
C01829,Kavya Singh,Consumer,Bengaluru,Karnataka
C01830,Aarav Verma,Consumer,Panaji,Goa
C01831,Vivaan Verma,Consumer,Patna,Bihar
C01832,Ishita Singh,Corporate,Panaji,Goa
C01833,Vikram Iyer,Premium,Lucknow,Uttar Pradesh
C01834,Rahul Nair,Premium,Ranchi,Jharkhand
C01835,Sanjay Kumar,Small Business,Ranchi,Jharkhand
C01836,Kiran Kumar,Corporate,Mumbai,Maharashtra
C01837,Priya Mishra,Consumer,New Delhi,Delhi
C01838,Manish Naidu,Consumer,Bengaluru,Karnataka
C01839,Arjun Naidu,Consumer,Vijayawada,Andhra Pradesh
C01840,Pooja Mishra,Small Business,Kochi,Kerala
C01841,Ananya Kumar,Consumer,Jaipur,Rajasthan
C01842,Vikram Verma,Small Business,Kochi,Kerala
C01843,Meera Reddy,Corporate,Ranchi,Jharkhand
C01844,Priya Gupta,Corporate,Panaji,Goa
C01845,Sneha Patel,Consumer,Kochi,Kerala
C01846,Kiran Naidu,Consumer,Kolkata,West Bengal
C01847,Aarav Patel,Consumer,Bengaluru,Karnataka
C01848,Nikhil Joshi,Corporate,Vijayawada,Andhra Pradesh
C01849,Meera Verma,Corporate,Ahmedabad,Gujarat
C01850,Kiran Das,Consumer,Vijayawada,Andhra Pradesh
C01851,Ananya Mishra,Consumer,Mumbai,Maharashtra
C01852,Ravi Mehta,Premium,Kochi,Kerala
C01853,Neha Reddy,Corporate,Kochi,Kerala
C01854,Kavya Das,Consumer,Mumbai,Maharashtra
C01855,Ravi Yadav,Consumer,Kolkata,West Bengal
C01856,Ravi Reddy,Consumer,Hyderabad,Telangana
C01857,Sanjay Verma,Consumer,Bengaluru,Karnataka
C01858,Pooja Gupta,Consumer,Panaji,Goa
C01859,Vikram Nair,Corporate,Bengaluru,Karnataka
C01860,Ananya Kumar,Small Business,Chennai,Tamil Nadu
C01861,Rahul Rao,Small Business,Bengaluru,Karnataka
C01862,Vikram Kumar,Consumer,Bhubaneswar,Odisha
C01863,Manish Joshi,Corporate,Chennai,Tamil Nadu
C01864,Kavya Sharma,Consumer,New Delhi,Delhi
C01865,Sneha Reddy,Consumer,Patna,Bihar
C01866,Manish Mehta,Corporate,Indore,Madhya Pradesh
C01867,Aditya Nair,Consumer,Raipur,Chhattisgarh
C01868,Rahul Verma,Corporate,Mumbai,Maharashtra
C01869,Ananya Joshi,Corporate,Ahmedabad,Gujarat
C01870,Rahul Nair,Consumer,Vijayawada,Andhra Pradesh
C01871,Neha Mehta,Corporate,Mumbai,Maharashtra
C01872,Vikram Gupta,Consumer,Kochi,Kerala
C01873,Aditya Yadav,Corporate,Jaipur,Rajasthan
C01874,Kiran Rao,Small Business,Jaipur,Rajasthan
C01875,Ravi Mishra,Corporate,Chennai,Tamil Nadu
C01876,Ravi Gupta,Premium,Hyderabad,Telangana
C01877,Rahul Naidu,Consumer,Mumbai,Maharashtra
C01878,Sneha Singh,Corporate,Mumbai,Maharashtra
C01879,Priya Sharma,Consumer,Kochi,Kerala
C01880,Kavya Yadav,Small Business,Kochi,Kerala
C01881,Priya Iyer,Consumer,Kolkata,West Bengal
C01882,Sanjay Yadav,Small Business,Mumbai,Maharashtra
C01883,Neha Rao,Consumer,Ranchi,Jharkhand
C01884,Rahul Iyer,Consumer,Indore,Madhya Pradesh
C01885,Aditya Patel,Consumer,Patna,Bihar
C01886,Manish Naidu,Consumer,New Delhi,Delhi
C01887,Ravi Rao,Corporate,Hyderabad,Telangana
C01888,Neha Yadav,Consumer,Bhubaneswar,Odisha
C01889,Kiran Iyer,Consumer,Ranchi,Jharkhand
C01890,Neha Yadav,Consumer,Chennai,Tamil Nadu
C01891,Vikram Mishra,Consumer,Kochi,Kerala
C01892,Vikram Das,Consumer,Kochi,Kerala
C01893,Ishita Mishra,Small Business,Lucknow,Uttar Pradesh
C01894,Rohan Singh,Corporate,Ludhiana,Punjab
C01895,Arjun Mehta,Small Business,Ludhiana,Punjab
C01896,Nikhil Iyer,Consumer,Ahmedabad,Gujarat
C01897,Sanjay Gupta,Corporate,Panaji,Goa
C01898,Kavya Naidu,Corporate,Bengaluru,Karnataka
C01899,Ravi Sharma,Small Business,Lucknow,Uttar Pradesh
C01900,Ravi Iyer,Corporate,Jaipur,Rajasthan
C01901,Rahul Singh,Consumer,Jaipur,Rajasthan
C01902,Sanjay Naidu,Consumer,Bhubaneswar,Odisha
C01903,Rahul Gupta,Consumer,Raipur,Chhattisgarh
C01904,Vivaan Rao,Small Business,Indore,Madhya Pradesh
C01905,Arjun Das,Consumer,Vijayawada,Andhra Pradesh
C01906,Neha Patel,Consumer,Chennai,Tamil Nadu
C01907,Aarav Sharma,Consumer,Ahmedabad,Gujarat
C01908,Neha Sharma,Corporate,Ahmedabad,Gujarat
C01909,Kavya Mehta,Consumer,Jaipur,Rajasthan
C01910,Pooja Mishra,Corporate,Hyderabad,Telangana
C01911,Ananya Sharma,Consumer,Panaji,Goa
C01912,Ishita Mehta,Premium,New Delhi,Delhi
C01913,Manish Mehta,Consumer,Hyderabad,Telangana
C01914,Ishita Kumar,Consumer,Vijayawada,Andhra Pradesh
C01915,Vikram Nair,Consumer,Kochi,Kerala
C01916,Rahul Yadav,Consumer,Ludhiana,Punjab
C01917,Aarav Rao,Small Business,New Delhi,Delhi
C01918,Priya Rao,Corporate,Indore,Madhya Pradesh
C01919,Rahul Yadav,Consumer,Mumbai,Maharashtra
C01920,Nikhil Rao,Corporate,Kochi,Kerala
C01921,Rahul Joshi,Small Business,Ahmedabad,Gujarat
C01922,Kavya Kumar,Consumer,Ludhiana,Punjab
C01923,Ananya Iyer,Corporate,Ludhiana,Punjab
C01924,Ravi Das,Consumer,Bhubaneswar,Odisha
C01925,Rahul Nair,Consumer,Kochi,Kerala
C01926,Nikhil Das,Consumer,Lucknow,Uttar Pradesh
C01927,Rohan Mishra,Consumer,Hyderabad,Telangana
C01928,Priya Nair,Consumer,Lucknow,Uttar Pradesh
C01929,Manish Rao,Small Business,Jaipur,Rajasthan
C01930,Priya Iyer,Corporate,Indore,Madhya Pradesh
C01931,Kavya Mehta,Consumer,Mumbai,Maharashtra
C01932,Meera Nair,Consumer,Panaji,Goa
C01933,Aarav Mishra,Consumer,Hyderabad,Telangana
C01934,Ishita Joshi,Corporate,Indore,Madhya Pradesh
C01935,Arjun Rao,Consumer,Vijayawada,Andhra Pradesh
C01936,Neha Yadav,Small Business,Raipur,Chhattisgarh
C01937,Rahul Patel,Consumer,Chennai,Tamil Nadu
C01938,Neha Gupta,Consumer,Chennai,Tamil Nadu
C01939,Nikhil Nair,Small Business,Chennai,Tamil Nadu
C01940,Nikhil Kumar,Premium,Vijayawada,Andhra Pradesh
C01941,Rahul Yadav,Corporate,Patna,Bihar
C01942,Ishita Reddy,Small Business,Panaji,Goa
C01943,Rohan Sharma,Corporate,Lucknow,Uttar Pradesh
C01944,Nikhil Nair,Consumer,Lucknow,Uttar Pradesh
C01945,Arjun Das,Consumer,Jaipur,Rajasthan
C01946,Ananya Kumar,Premium,Chennai,Tamil Nadu
C01947,Sneha Naidu,Consumer,Mumbai,Maharashtra
C01948,Kiran Singh,Consumer,Ludhiana,Punjab
C01949,Rohan Gupta,Consumer,Ahmedabad,Gujarat
C01950,Manish Joshi,Premium,Ahmedabad,Gujarat
C01951,Rahul Gupta,Consumer,Ludhiana,Punjab
C01952,Aditya Rao,Small Business,New Delhi,Delhi
C01953,Arjun Gupta,Consumer,Indore,Madhya Pradesh
C01954,Kiran Sharma,Premium,Jaipur,Rajasthan
C01955,Ananya Joshi,Consumer,Hyderabad,Telangana
C01956,Meera Yadav,Consumer,Patna,Bihar
C01957,Ananya Sharma,Consumer,Patna,Bihar
C01958,Priya Rao,Premium,Bhubaneswar,Odisha
C01959,Neha Sharma,Corporate,Bengaluru,Karnataka
C01960,Kavya Mishra,Small Business,Kolkata,West Bengal
C01961,Neha Mishra,Consumer,Vijayawada,Andhra Pradesh
C01962,Sanjay Nair,Small Business,Mumbai,Maharashtra
C01963,Priya Mishra,Consumer,Kochi,Kerala
C01964,Neha Joshi,Small Business,Chennai,Tamil Nadu
C01965,Arjun Gupta,Small Business,Ahmedabad,Gujarat
C01966,Vikram Yadav,Consumer,Ludhiana,Punjab
C01967,Manish Kumar,Small Business,Bengaluru,Karnataka
C01968,Manish Sharma,Consumer,Jaipur,Rajasthan
C01969,Kavya Joshi,Consumer,Kolkata,West Bengal
C01970,Rohan Joshi,Corporate,Mumbai,Maharashtra
C01971,Aarav Iyer,Consumer,Jaipur,Rajasthan
C01972,Ishita Yadav,Premium,Panaji,Goa
C01973,Rohan Yadav,Consumer,Kochi,Kerala
C01974,Vikram Verma,Small Business,Kochi,Kerala
C01975,Sneha Joshi,Consumer,Ranchi,Jharkhand
C01976,Sanjay Patel,Small Business,Bengaluru,Karnataka
C01977,Kavya Sharma,Consumer,Kolkata,West Bengal
C01978,Meera Yadav,Consumer,Jaipur,Rajasthan
C01979,Ravi Reddy,Consumer,Mumbai,Maharashtra
C01980,Neha Yadav,Consumer,Raipur,Chhattisgarh
C01981,Pooja Kumar,Consumer,Bengaluru,Karnataka
C01982,Pooja Patel,Consumer,Hyderabad,Telangana
C01983,Aarav Gupta,Corporate,Ahmedabad,Gujarat
C01984,Vikram Verma,Consumer,Mumbai,Maharashtra
C01985,Nikhil Verma,Consumer,Ranchi,Jharkhand
C01986,Sanjay Gupta,Corporate,Raipur,Chhattisgarh
C01987,Meera Joshi,Small Business,Mumbai,Maharashtra
C01988,Rahul Reddy,Consumer,Ahmedabad,Gujarat
C01989,Meera Mishra,Small Business,Ludhiana,Punjab
C01990,Manish Sharma,Consumer,Ludhiana,Punjab
C01991,Aarav Patel,Consumer,Raipur,Chhattisgarh
C01992,Aarav Joshi,Corporate,Kochi,Kerala
C01993,Pooja Joshi,Consumer,New Delhi,Delhi
C01994,Rahul Iyer,Consumer,Ahmedabad,Gujarat
C01995,Sanjay Rao,Corporate,Chennai,Tamil Nadu
C01996,Priya Yadav,Corporate,Bengaluru,Karnataka
C01997,Kavya Patel,Consumer,Bhubaneswar,Odisha
C01998,Arjun Iyer,Small Business,Kolkata,West Bengal
C01999,Nikhil Iyer,Consumer,Hyderabad,Telangana
C02000,Meera Mehta,Corporate,Panaji,Goa
C02001,Rohan Das,Consumer,Ranchi,Jharkhand
C02002,Rohan Verma,Consumer,Kochi,Kerala
C02003,Aarav Naidu,Premium,Ludhiana,Punjab
C02004,Arjun Reddy,Consumer,Bengaluru,Karnataka
C02005,Priya Mishra,Premium,Raipur,Chhattisgarh
C02006,Ishita Yadav,Consumer,Vijayawada,Andhra Pradesh
C02007,Ananya Patel,Consumer,Jaipur,Rajasthan
C02008,Vikram Singh,Consumer,Ahmedabad,Gujarat
C02009,Aditya Rao,Consumer,New Delhi,Delhi
C02010,Ananya Reddy,Consumer,Jaipur,Rajasthan
C02011,Ananya Yadav,Consumer,Patna,Bihar
C02012,Kiran Patel,Consumer,Chennai,Tamil Nadu
C02013,Ravi Sharma,Consumer,Ranchi,Jharkhand
C02014,Vikram Gupta,Small Business,Raipur,Chhattisgarh
C02015,Kavya Das,Consumer,Jaipur,Rajasthan
C02016,Meera Verma,Corporate,Kochi,Kerala
C02017,Aditya Naidu,Consumer,Vijayawada,Andhra Pradesh
C02018,Manish Singh,Consumer,Mumbai,Maharashtra
C02019,Pooja Sharma,Consumer,Indore,Madhya Pradesh
C02020,Sneha Reddy,Small Business,Lucknow,Uttar Pradesh
C02021,Priya Iyer,Consumer,Hyderabad,Telangana
C02022,Aarav Mehta,Small Business,Hyderabad,Telangana
C02023,Sanjay Naidu,Consumer,Jaipur,Rajasthan
C02024,Ravi Gupta,Consumer,Jaipur,Rajasthan
C02025,Pooja Rao,Consumer,Ranchi,Jharkhand
C02026,Sanjay Yadav,Consumer,Jaipur,Rajasthan
C02027,Aarav Das,Small Business,Vijayawada,Andhra Pradesh
C02028,Aditya Yadav,Consumer,Mumbai,Maharashtra
C02029,Nikhil Iyer,Small Business,New Delhi,Delhi
C02030,Sanjay Mishra,Consumer,Indore,Madhya Pradesh
C02031,Ishita Yadav,Small Business,Ranchi,Jharkhand
C02032,Meera Kumar,Small Business,Jaipur,Rajasthan
C02033,Nikhil Rao,Premium,Bhubaneswar,Odisha
C02034,Arjun Gupta,Consumer,Mumbai,Maharashtra
C02035,Aditya Kumar,Corporate,Patna,Bihar
C02036,Sanjay Singh,Corporate,Patna,Bihar
C02037,Vikram Iyer,Small Business,Bhubaneswar,Odisha
C02038,Kiran Iyer,Small Business,New Delhi,Delhi
C02039,Neha Singh,Consumer,Ranchi,Jharkhand
C02040,Vikram Singh,Consumer,Ranchi,Jharkhand
C02041,Neha Reddy,Small Business,Bhubaneswar,Odisha
C02042,Sneha Rao,Consumer,Ludhiana,Punjab
C02043,Kavya Sharma,Consumer,Ahmedabad,Gujarat
C02044,Nikhil Kumar,Consumer,Ranchi,Jharkhand
C02045,Ananya Naidu,Consumer,Ahmedabad,Gujarat
C02046,Rohan Iyer,Consumer,Vijayawada,Andhra Pradesh
C02047,Kiran Joshi,Premium,Chennai,Tamil Nadu
C02048,Aarav Gupta,Consumer,Bengaluru,Karnataka
C02049,Vivaan Mehta,Small Business,New Delhi,Delhi
C02050,Kiran Sharma,Consumer,Ludhiana,Punjab
C02051,Aditya Yadav,Premium,Lucknow,Uttar Pradesh
C02052,Ishita Verma,Consumer,Jaipur,Rajasthan
C02053,Ishita Singh,Consumer,Jaipur,Rajasthan
C02054,Ananya Kumar,Consumer,Bhubaneswar,Odisha
C02055,Ishita Rao,Corporate,Mumbai,Maharashtra
C02056,Rohan Mishra,Consumer,Kolkata,West Bengal
C02057,Vikram Das,Small Business,Indore,Madhya Pradesh
C02058,Meera Nair,Consumer,Bengaluru,Karnataka
C02059,Vivaan Das,Small Business,Ahmedabad,Gujarat
C02060,Aditya Iyer,Consumer,Bhubaneswar,Odisha
C02061,Manish Gupta,Corporate,New Delhi,Delhi
C02062,Kavya Iyer,Premium,Bhubaneswar,Odisha
C02063,Manish Iyer,Consumer,Mumbai,Maharashtra
C02064,Pooja Rao,Small Business,Jaipur,Rajasthan
C02065,Kavya Sharma,Consumer,Panaji,Goa
C02066,Ishita Yadav,Small Business,Hyderabad,Telangana
C02067,Nikhil Patel,Small Business,Panaji,Goa
C02068,Aarav Mishra,Consumer,Panaji,Goa
C02069,Aditya Verma,Consumer,Jaipur,Rajasthan
C02070,Neha Nair,Corporate,Ranchi,Jharkhand
C02071,Pooja Singh,Small Business,Lucknow,Uttar Pradesh
C02072,Arjun Patel,Small Business,Vijayawada,Andhra Pradesh
C02073,Rahul Mehta,Small Business,Kochi,Kerala
C02074,Nikhil Patel,Consumer,Kolkata,West Bengal
C02075,Ishita Iyer,Consumer,Bengaluru,Karnataka
C02076,Ananya Verma,Premium,Hyderabad,Telangana
C02077,Neha Verma,Premium,Kochi,Kerala
C02078,Aarav Verma,Consumer,Ahmedabad,Gujarat
C02079,Ananya Singh,Consumer,Ludhiana,Punjab
C02080,Kiran Das,Consumer,Mumbai,Maharashtra
C02081,Pooja Singh,Consumer,Lucknow,Uttar Pradesh
C02082,Meera Kumar,Corporate,Kochi,Kerala
C02083,Meera Joshi,Consumer,Panaji,Goa
C02084,Ishita Patel,Small Business,Ahmedabad,Gujarat
C02085,Rohan Reddy,Consumer,Raipur,Chhattisgarh
C02086,Neha Patel,Small Business,Bhubaneswar,Odisha
C02087,Priya Rao,Premium,Mumbai,Maharashtra
C02088,Priya Kumar,Consumer,Bengaluru,Karnataka
C02089,Kiran Naidu,Small Business,Ranchi,Jharkhand
C02090,Aarav Sharma,Premium,New Delhi,Delhi
C02091,Kavya Yadav,Small Business,Chennai,Tamil Nadu
C02092,Kavya Yadav,Corporate,Ranchi,Jharkhand
C02093,Kiran Sharma,Corporate,Bengaluru,Karnataka
C02094,Vikram Gupta,Small Business,Panaji,Goa
C02095,Vivaan Joshi,Consumer,Vijayawada,Andhra Pradesh
C02096,Aarav Naidu,Consumer,Patna,Bihar
C02097,Aditya Gupta,Small Business,Hyderabad,Telangana
C02098,Aarav Das,Premium,Patna,Bihar
C02099,Rohan Patel,Consumer,New Delhi,Delhi
C02100,Meera Joshi,Consumer,Patna,Bihar
C02101,Aarav Sharma,Small Business,Hyderabad,Telangana
C02102,Sanjay Kumar,Premium,Jaipur,Rajasthan
C02103,Sneha Kumar,Corporate,Ludhiana,Punjab
C02104,Ananya Patel,Consumer,Kochi,Kerala
C02105,Pooja Iyer,Consumer,Ludhiana,Punjab
C02106,Ishita Das,Consumer,Hyderabad,Telangana
C02107,Ravi Kumar,Consumer,Mumbai,Maharashtra
C02108,Manish Joshi,Consumer,Patna,Bihar
C02109,Kavya Iyer,Premium,Ahmedabad,Gujarat
C02110,Ishita Patel,Corporate,Hyderabad,Telangana
C02111,Aditya Yadav,Consumer,Hyderabad,Telangana
C02112,Sneha Nair,Premium,Kochi,Kerala
C02113,Aarav Reddy,Consumer,Bhubaneswar,Odisha
C02114,Manish Rao,Small Business,Bengaluru,Karnataka
C02115,Manish Mehta,Consumer,Vijayawada,Andhra Pradesh
C02116,Kavya Gupta,Small Business,Indore,Madhya Pradesh
C02117,Vikram Yadav,Consumer,Lucknow,Uttar Pradesh
C02118,Ravi Rao,Small Business,Ludhiana,Punjab
C02119,Rohan Yadav,Consumer,Ahmedabad,Gujarat
C02120,Rahul Sharma,Consumer,Ranchi,Jharkhand
C02121,Arjun Iyer,Consumer,Indore,Madhya Pradesh
C02122,Priya Iyer,Small Business,Lucknow,Uttar Pradesh
C02123,Kiran Sharma,Consumer,Lucknow,Uttar Pradesh
C02124,Sanjay Mehta,Corporate,Kochi,Kerala
C02125,Aditya Iyer,Consumer,New Delhi,Delhi
C02126,Meera Rao,Consumer,Lucknow,Uttar Pradesh
C02127,Nikhil Nair,Consumer,Kochi,Kerala
C02128,Ananya Kumar,Corporate,Kochi,Kerala
C02129,Ananya Singh,Consumer,Ludhiana,Punjab
C02130,Priya Iyer,Consumer,Vijayawada,Andhra Pradesh
C02131,Manish Yadav,Consumer,Indore,Madhya Pradesh
C02132,Aditya Naidu,Small Business,Mumbai,Maharashtra
C02133,Vikram Verma,Consumer,Bhubaneswar,Odisha
C02134,Ravi Rao,Small Business,Indore,Madhya Pradesh
C02135,Ishita Verma,Corporate,Ahmedabad,Gujarat
C02136,Priya Rao,Consumer,Mumbai,Maharashtra
C02137,Nikhil Iyer,Corporate,Hyderabad,Telangana
C02138,Ananya Nair,Corporate,Lucknow,Uttar Pradesh
C02139,Rohan Sharma,Corporate,Jaipur,Rajasthan
C02140,Ishita Iyer,Consumer,Ranchi,Jharkhand
C02141,Rohan Naidu,Consumer,Indore,Madhya Pradesh
C02142,Kavya Kumar,Corporate,Hyderabad,Telangana
C02143,Sanjay Mishra,Consumer,Mumbai,Maharashtra
C02144,Vikram Iyer,Consumer,Mumbai,Maharashtra
C02145,Manish Singh,Consumer,Vijayawada,Andhra Pradesh
C02146,Rohan Kumar,Premium,Ahmedabad,Gujarat
C02147,Rahul Nair,Consumer,Bhubaneswar,Odisha
C02148,Meera Patel,Small Business,Ludhiana,Punjab
C02149,Aditya Mishra,Consumer,Hyderabad,Telangana
C02150,Vikram Mishra,Consumer,Bengaluru,Karnataka
C02151,Aditya Reddy,Corporate,Bengaluru,Karnataka
C02152,Rahul Mishra,Small Business,Ranchi,Jharkhand
C02153,Pooja Joshi,Consumer,New Delhi,Delhi
C02154,Nikhil Das,Small Business,Ahmedabad,Gujarat
C02155,Nikhil Patel,Consumer,New Delhi,Delhi
C02156,Neha Verma,Corporate,Jaipur,Rajasthan
C02157,Ananya Nair,Corporate,Panaji,Goa
C02158,Neha Sharma,Corporate,Patna,Bihar
C02159,Kavya Iyer,Consumer,Vijayawada,Andhra Pradesh
C02160,Arjun Nair,Consumer,Raipur,Chhattisgarh
C02161,Sneha Gupta,Small Business,Ranchi,Jharkhand
C02162,Priya Yadav,Corporate,Hyderabad,Telangana
C02163,Neha Reddy,Corporate,Panaji,Goa
C02164,Neha Gupta,Small Business,Hyderabad,Telangana
C02165,Aarav Verma,Consumer,Jaipur,Rajasthan
C02166,Manish Iyer,Corporate,Kolkata,West Bengal
C02167,Rahul Kumar,Small Business,Indore,Madhya Pradesh
C02168,Nikhil Nair,Consumer,Panaji,Goa
C02169,Ananya Singh,Corporate,Ludhiana,Punjab
C02170,Arjun Nair,Consumer,Mumbai,Maharashtra
C02171,Kavya Rao,Small Business,Indore,Madhya Pradesh
C02172,Vivaan Sharma,Consumer,Bhubaneswar,Odisha
C02173,Ananya Das,Consumer,Vijayawada,Andhra Pradesh
C02174,Arjun Reddy,Consumer,Kochi,Kerala
C02175,Pooja Joshi,Small Business,Panaji,Goa
C02176,Priya Sharma,Corporate,Vijayawada,Andhra Pradesh
C02177,Kiran Reddy,Small Business,Kochi,Kerala
C02178,Vivaan Gupta,Corporate,Patna,Bihar
C02179,Rahul Mehta,Consumer,Patna,Bihar
C02180,Nikhil Gupta,Consumer,Jaipur,Rajasthan
C02181,Sanjay Kumar,Corporate,Ranchi,Jharkhand
C02182,Arjun Rao,Consumer,New Delhi,Delhi
C02183,Rahul Das,Small Business,Ranchi,Jharkhand
C02184,Arjun Kumar,Small Business,Raipur,Chhattisgarh
C02185,Ananya Joshi,Corporate,Bhubaneswar,Odisha
C02186,Aditya Kumar,Consumer,Bengaluru,Karnataka
C02187,Pooja Naidu,Small Business,Ranchi,Jharkhand
C02188,Kiran Iyer,Small Business,Vijayawada,Andhra Pradesh
C02189,Kavya Nair,Consumer,Ranchi,Jharkhand
C02190,Kavya Joshi,Consumer,Indore,Madhya Pradesh
C02191,Manish Nair,Corporate,Ludhiana,Punjab
C02192,Rohan Mehta,Consumer,Chennai,Tamil Nadu
C02193,Sanjay Joshi,Consumer,Indore,Madhya Pradesh
C02194,Meera Nair,Consumer,Ahmedabad,Gujarat
C02195,Aarav Mehta,Consumer,Patna,Bihar
C02196,Nikhil Mehta,Small Business,Hyderabad,Telangana
C02197,Sneha Reddy,Corporate,Vijayawada,Andhra Pradesh
C02198,Sneha Mishra,Small Business,Hyderabad,Telangana
C02199,Rohan Kumar,Premium,Bengaluru,Karnataka
C02200,Pooja Mishra,Consumer,Chennai,Tamil Nadu
C02201,Ravi Sharma,Consumer,Ahmedabad,Gujarat
C02202,Nikhil Mehta,Corporate,Hyderabad,Telangana
C02203,Ananya Mehta,Small Business,Hyderabad,Telangana
C02204,Ishita Sharma,Corporate,Raipur,Chhattisgarh
C02205,Ishita Yadav,Premium,Lucknow,Uttar Pradesh
C02206,Nikhil Iyer,Consumer,Lucknow,Uttar Pradesh
C02207,Arjun Joshi,Premium,Panaji,Goa
C02208,Aditya Reddy,Consumer,Patna,Bihar
C02209,Ishita Rao,Consumer,Bhubaneswar,Odisha
C02210,Pooja Yadav,Small Business,Hyderabad,Telangana
C02211,Sanjay Mehta,Consumer,Bhubaneswar,Odisha
C02212,Ananya Yadav,Consumer,Ludhiana,Punjab
C02213,Rohan Nair,Corporate,Chennai,Tamil Nadu
C02214,Ishita Yadav,Consumer,Indore,Madhya Pradesh
C02215,Nikhil Yadav,Corporate,New Delhi,Delhi
C02216,Vivaan Yadav,Consumer,Ludhiana,Punjab
C02217,Meera Sharma,Small Business,Vijayawada,Andhra Pradesh
C02218,Vikram Yadav,Corporate,Ludhiana,Punjab
C02219,Vivaan Sharma,Premium,Lucknow,Uttar Pradesh
C02220,Ananya Naidu,Premium,Kochi,Kerala
C02221,Aarav Mehta,Small Business,Vijayawada,Andhra Pradesh
C02222,Vikram Mehta,Consumer,Ahmedabad,Gujarat
C02223,Kavya Patel,Consumer,Mumbai,Maharashtra
C02224,Ananya Patel,Consumer,Chennai,Tamil Nadu
C02225,Vivaan Patel,Small Business,Kolkata,West Bengal
C02226,Vikram Yadav,Consumer,Raipur,Chhattisgarh
C02227,Ananya Naidu,Corporate,Kolkata,West Bengal
C02228,Kavya Rao,Small Business,Ahmedabad,Gujarat
C02229,Ravi Kumar,Consumer,Patna,Bihar
C02230,Nikhil Joshi,Consumer,Indore,Madhya Pradesh
C02231,Aarav Das,Corporate,Ahmedabad,Gujarat
C02232,Kiran Das,Consumer,Kolkata,West Bengal
C02233,Nikhil Mishra,Consumer,Ahmedabad,Gujarat
C02234,Aditya Mishra,Consumer,Ranchi,Jharkhand
C02235,Meera Mehta,Small Business,Hyderabad,Telangana
C02236,Ishita Mehta,Consumer,Indore,Madhya Pradesh
C02237,Ravi Reddy,Consumer,Bhubaneswar,Odisha
C02238,Arjun Reddy,Small Business,Kolkata,West Bengal
C02239,Kavya Iyer,Premium,Hyderabad,Telangana
C02240,Sneha Iyer,Consumer,Lucknow,Uttar Pradesh
C02241,Ananya Mehta,Small Business,Raipur,Chhattisgarh
C02242,Meera Nair,Consumer,Jaipur,Rajasthan
C02243,Meera Yadav,Small Business,Ahmedabad,Gujarat
C02244,Kiran Reddy,Small Business,Kolkata,West Bengal
C02245,Sneha Mehta,Corporate,Patna,Bihar
C02246,Sneha Das,Corporate,Hyderabad,Telangana
C02247,Ishita Patel,Consumer,Jaipur,Rajasthan
C02248,Vikram Rao,Consumer,Mumbai,Maharashtra
C02249,Pooja Singh,Small Business,Lucknow,Uttar Pradesh
C02250,Aditya Kumar,Consumer,Indore,Madhya Pradesh
C02251,Arjun Verma,Consumer,New Delhi,Delhi
C02252,Vikram Joshi,Small Business,Kolkata,West Bengal
C02253,Pooja Yadav,Consumer,Panaji,Goa
C02254,Vikram Iyer,Corporate,Mumbai,Maharashtra
C02255,Vivaan Yadav,Consumer,Vijayawada,Andhra Pradesh
C02256,Sanjay Verma,Consumer,Indore,Madhya Pradesh
C02257,Kiran Naidu,Consumer,Vijayawada,Andhra Pradesh
C02258,Kavya Nair,Consumer,Mumbai,Maharashtra
C02259,Sanjay Das,Consumer,Hyderabad,Telangana
C02260,Meera Reddy,Small Business,Raipur,Chhattisgarh
C02261,Nikhil Mishra,Consumer,Kolkata,West Bengal
C02262,Nikhil Singh,Consumer,Indore,Madhya Pradesh
C02263,Ravi Mishra,Consumer,Ludhiana,Punjab
C02264,Ananya Joshi,Consumer,Jaipur,Rajasthan
C02265,Kavya Nair,Corporate,New Delhi,Delhi
C02266,Pooja Das,Corporate,Bengaluru,Karnataka
C02267,Vikram Rao,Small Business,Jaipur,Rajasthan
C02268,Aditya Kumar,Consumer,Patna,Bihar
C02269,Kavya Joshi,Consumer,Jaipur,Rajasthan
C02270,Priya Kumar,Consumer,Mumbai,Maharashtra
C02271,Priya Joshi,Consumer,Chennai,Tamil Nadu
C02272,Aarav Das,Consumer,Jaipur,Rajasthan
C02273,Vikram Patel,Small Business,Kochi,Kerala
C02274,Meera Naidu,Consumer,Vijayawada,Andhra Pradesh
C02275,Aarav Gupta,Consumer,Ahmedabad,Gujarat
C02276,Meera Mishra,Consumer,Vijayawada,Andhra Pradesh
C02277,Nikhil Mishra,Consumer,Chennai,Tamil Nadu
C02278,Sneha Mishra,Consumer,Jaipur,Rajasthan
C02279,Ishita Singh,Small Business,Kolkata,West Bengal
C02280,Ananya Joshi,Consumer,Chennai,Tamil Nadu
C02281,Ravi Joshi,Consumer,Kochi,Kerala
C02282,Ishita Mehta,Consumer,Bengaluru,Karnataka
C02283,Sanjay Joshi,Corporate,Vijayawada,Andhra Pradesh
C02284,Neha Singh,Consumer,Ludhiana,Punjab
C02285,Nikhil Nair,Corporate,Kolkata,West Bengal
C02286,Neha Singh,Consumer,Hyderabad,Telangana
C02287,Neha Iyer,Small Business,Jaipur,Rajasthan
C02288,Ishita Mishra,Consumer,Patna,Bihar
C02289,Priya Das,Small Business,Lucknow,Uttar Pradesh
C02290,Ravi Singh,Corporate,Bengaluru,Karnataka
C02291,Arjun Joshi,Small Business,New Delhi,Delhi
C02292,Kavya Yadav,Consumer,Patna,Bihar
C02293,Nikhil Iyer,Consumer,Chennai,Tamil Nadu
C02294,Neha Patel,Consumer,Vijayawada,Andhra Pradesh
C02295,Neha Sharma,Consumer,Vijayawada,Andhra Pradesh
C02296,Kavya Iyer,Small Business,Vijayawada,Andhra Pradesh
C02297,Pooja Iyer,Consumer,Vijayawada,Andhra Pradesh
C02298,Kiran Mishra,Consumer,Jaipur,Rajasthan
C02299,Rohan Kumar,Corporate,New Delhi,Delhi
C02300,Sneha Rao,Corporate,Hyderabad,Telangana
C02301,Vikram Patel,Consumer,Raipur,Chhattisgarh
C02302,Ravi Sharma,Consumer,New Delhi,Delhi
C02303,Kavya Mehta,Consumer,Kochi,Kerala
C02304,Ananya Iyer,Consumer,Lucknow,Uttar Pradesh
C02305,Aarav Reddy,Consumer,Indore,Madhya Pradesh
C02306,Arjun Singh,Corporate,Chennai,Tamil Nadu
C02307,Rahul Reddy,Consumer,Vijayawada,Andhra Pradesh
C02308,Vikram Nair,Small Business,Bhubaneswar,Odisha
C02309,Kiran Gupta,Corporate,Mumbai,Maharashtra
C02310,Priya Naidu,Premium,Bengaluru,Karnataka
C02311,Rahul Iyer,Consumer,Kolkata,West Bengal
C02312,Ravi Kumar,Corporate,Bhubaneswar,Odisha
C02313,Sneha Kumar,Small Business,Raipur,Chhattisgarh
C02314,Kavya Rao,Corporate,Lucknow,Uttar Pradesh
C02315,Kiran Nair,Consumer,Kolkata,West Bengal
C02316,Sneha Naidu,Consumer,Bengaluru,Karnataka
C02317,Aditya Verma,Premium,Ludhiana,Punjab
C02318,Priya Yadav,Corporate,Kolkata,West Bengal
C02319,Kiran Mehta,Small Business,Hyderabad,Telangana
C02320,Vivaan Mishra,Small Business,Jaipur,Rajasthan
C02321,Priya Reddy,Corporate,Lucknow,Uttar Pradesh
C02322,Neha Kumar,Consumer,Chennai,Tamil Nadu
C02323,Priya Nair,Small Business,Chennai,Tamil Nadu
C02324,Kiran Mehta,Small Business,Ludhiana,Punjab
C02325,Ishita Naidu,Consumer,Ahmedabad,Gujarat
C02326,Arjun Iyer,Consumer,Kolkata,West Bengal
C02327,Vivaan Naidu,Small Business,Kolkata,West Bengal
C02328,Sneha Das,Premium,Chennai,Tamil Nadu
C02329,Nikhil Joshi,Consumer,New Delhi,Delhi
C02330,Kavya Yadav,Small Business,Raipur,Chhattisgarh
C02331,Sanjay Mehta,Consumer,Hyderabad,Telangana
C02332,Neha Yadav,Consumer,Chennai,Tamil Nadu
C02333,Kiran Sharma,Consumer,Panaji,Goa
C02334,Rohan Sharma,Premium,New Delhi,Delhi
C02335,Sanjay Verma,Consumer,Ahmedabad,Gujarat
C02336,Meera Patel,Consumer,Raipur,Chhattisgarh
C02337,Priya Mehta,Small Business,Panaji,Goa
C02338,Ravi Naidu,Corporate,Bengaluru,Karnataka
C02339,Kiran Mishra,Consumer,New Delhi,Delhi
C02340,Vikram Singh,Consumer,Panaji,Goa
C02341,Ananya Kumar,Small Business,Kolkata,West Bengal
C02342,Ishita Patel,Consumer,Lucknow,Uttar Pradesh
C02343,Aarav Yadav,Corporate,Ahmedabad,Gujarat
C02344,Rahul Mehta,Small Business,Chennai,Tamil Nadu
C02345,Kavya Yadav,Consumer,Bhubaneswar,Odisha
C02346,Manish Gupta,Consumer,Panaji,Goa
C02347,Sanjay Singh,Consumer,Ranchi,Jharkhand
C02348,Aarav Singh,Consumer,New Delhi,Delhi
C02349,Manish Reddy,Consumer,Ahmedabad,Gujarat
C02350,Aarav Kumar,Small Business,Bengaluru,Karnataka
C02351,Sneha Das,Consumer,Chennai,Tamil Nadu
C02352,Sanjay Reddy,Small Business,Ludhiana,Punjab
C02353,Arjun Kumar,Corporate,Hyderabad,Telangana
C02354,Pooja Reddy,Consumer,Bengaluru,Karnataka
C02355,Ravi Joshi,Consumer,Kolkata,West Bengal
C02356,Sanjay Rao,Small Business,New Delhi,Delhi
C02357,Vivaan Sharma,Corporate,Kolkata,West Bengal
C02358,Aditya Nair,Premium,Chennai,Tamil Nadu
C02359,Kiran Gupta,Corporate,Bhubaneswar,Odisha
C02360,Aarav Iyer,Consumer,Hyderabad,Telangana
C02361,Neha Das,Small Business,Lucknow,Uttar Pradesh
C02362,Rohan Mishra,Consumer,Kochi,Kerala
C02363,Nikhil Patel,Consumer,Indore,Madhya Pradesh
C02364,Aarav Rao,Corporate,Ranchi,Jharkhand
C02365,Vivaan Joshi,Consumer,Ludhiana,Punjab
C02366,Rahul Naidu,Consumer,Ahmedabad,Gujarat
C02367,Ishita Verma,Consumer,Hyderabad,Telangana
C02368,Sneha Mishra,Consumer,Ahmedabad,Gujarat
C02369,Vivaan Joshi,Corporate,Vijayawada,Andhra Pradesh
C02370,Arjun Rao,Consumer,Ahmedabad,Gujarat
C02371,Vikram Joshi,Consumer,Vijayawada,Andhra Pradesh
C02372,Manish Joshi,Consumer,Vijayawada,Andhra Pradesh
C02373,Rohan Rao,Small Business,Hyderabad,Telangana
C02374,Rohan Singh,Consumer,Ludhiana,Punjab
C02375,Rahul Singh,Consumer,Indore,Madhya Pradesh
C02376,Sanjay Kumar,Consumer,Ranchi,Jharkhand
C02377,Arjun Mehta,Consumer,Kolkata,West Bengal
C02378,Priya Iyer,Corporate,Chennai,Tamil Nadu
C02379,Pooja Gupta,Consumer,Kolkata,West Bengal
C02380,Meera Yadav,Small Business,Bhubaneswar,Odisha
C02381,Ravi Singh,Consumer,Bhubaneswar,Odisha
C02382,Manish Singh,Consumer,Kolkata,West Bengal
C02383,Vivaan Joshi,Consumer,Kochi,Kerala
C02384,Rohan Sharma,Premium,New Delhi,Delhi
C02385,Pooja Sharma,Consumer,Chennai,Tamil Nadu
C02386,Arjun Nair,Small Business,Jaipur,Rajasthan
C02387,Pooja Iyer,Consumer,Indore,Madhya Pradesh
C02388,Nikhil Rao,Corporate,Jaipur,Rajasthan
C02389,Nikhil Gupta,Consumer,Ludhiana,Punjab
C02390,Ishita Gupta,Consumer,Panaji,Goa
C02391,Nikhil Joshi,Consumer,Vijayawada,Andhra Pradesh
C02392,Nikhil Rao,Consumer,Kolkata,West Bengal
C02393,Aarav Naidu,Small Business,Bengaluru,Karnataka
C02394,Kavya Iyer,Consumer,Lucknow,Uttar Pradesh
C02395,Meera Sharma,Consumer,Hyderabad,Telangana
C02396,Meera Nair,Corporate,Kolkata,West Bengal
C02397,Ravi Patel,Consumer,Bengaluru,Karnataka
C02398,Sneha Verma,Consumer,Chennai,Tamil Nadu
C02399,Ananya Verma,Consumer,Hyderabad,Telangana
C02400,Nikhil Verma,Premium,Patna,Bihar
C02401,Sneha Gupta,Corporate,Bengaluru,Karnataka
C02402,Priya Kumar,Consumer,New Delhi,Delhi
C02403,Pooja Gupta,Consumer,Indore,Madhya Pradesh
C02404,Manish Sharma,Small Business,Panaji,Goa
C02405,Aarav Verma,Consumer,Lucknow,Uttar Pradesh
C02406,Kavya Nair,Consumer,Bhubaneswar,Odisha
C02407,Arjun Iyer,Corporate,Vijayawada,Andhra Pradesh
C02408,Kiran Patel,Consumer,Lucknow,Uttar Pradesh
C02409,Ananya Yadav,Corporate,Panaji,Goa
C02410,Aarav Kumar,Consumer,Kochi,Kerala
C02411,Aditya Mishra,Consumer,Ludhiana,Punjab
C02412,Rahul Verma,Consumer,New Delhi,Delhi
C02413,Manish Naidu,Small Business,New Delhi,Delhi
C02414,Ravi Patel,Consumer,New Delhi,Delhi
C02415,Vivaan Nair,Corporate,Hyderabad,Telangana
C02416,Vivaan Mishra,Corporate,Panaji,Goa
C02417,Kavya Sharma,Consumer,Ranchi,Jharkhand
C02418,Arjun Mehta,Consumer,Kochi,Kerala
C02419,Vivaan Singh,Premium,Lucknow,Uttar Pradesh
C02420,Kiran Nair,Consumer,Raipur,Chhattisgarh
C02421,Ravi Kumar,Consumer,Kochi,Kerala
C02422,Vikram Rao,Premium,Kochi,Kerala
C02423,Manish Naidu,Consumer,Jaipur,Rajasthan
C02424,Manish Verma,Consumer,Ludhiana,Punjab
C02425,Sanjay Verma,Consumer,Hyderabad,Telangana
C02426,Priya Das,Consumer,Chennai,Tamil Nadu
C02427,Ravi Kumar,Small Business,Ahmedabad,Gujarat
C02428,Priya Sharma,Consumer,Hyderabad,Telangana
C02429,Priya Reddy,Corporate,Patna,Bihar
C02430,Ravi Sharma,Consumer,Kochi,Kerala
C02431,Meera Iyer,Corporate,Panaji,Goa
C02432,Arjun Das,Consumer,Kochi,Kerala
C02433,Ishita Das,Consumer,Panaji,Goa
C02434,Priya Reddy,Small Business,Vijayawada,Andhra Pradesh
C02435,Neha Mehta,Premium,Kochi,Kerala
C02436,Rohan Rao,Small Business,Lucknow,Uttar Pradesh
C02437,Meera Yadav,Premium,Lucknow,Uttar Pradesh
C02438,Manish Naidu,Consumer,Raipur,Chhattisgarh
C02439,Ishita Rao,Corporate,Chennai,Tamil Nadu
C02440,Ishita Singh,Premium,Patna,Bihar
C02441,Rahul Yadav,Corporate,Patna,Bihar
C02442,Kavya Kumar,Small Business,New Delhi,Delhi
C02443,Vivaan Reddy,Small Business,Indore,Madhya Pradesh
C02444,Vivaan Rao,Small Business,Kolkata,West Bengal
C02445,Arjun Rao,Premium,Indore,Madhya Pradesh
C02446,Sanjay Kumar,Corporate,Indore,Madhya Pradesh
C02447,Sneha Reddy,Small Business,Bengaluru,Karnataka
C02448,Sanjay Verma,Corporate,Lucknow,Uttar Pradesh
C02449,Rahul Patel,Small Business,Ranchi,Jharkhand
C02450,Rohan Reddy,Corporate,Ahmedabad,Gujarat
C02451,Arjun Mishra,Corporate,Ahmedabad,Gujarat
C02452,Rohan Gupta,Consumer,Indore,Madhya Pradesh
C02453,Ananya Reddy,Consumer,New Delhi,Delhi
C02454,Priya Verma,Small Business,Ranchi,Jharkhand
C02455,Kiran Singh,Consumer,Indore,Madhya Pradesh
C02456,Priya Kumar,Small Business,Panaji,Goa
C02457,Sanjay Naidu,Small Business,Lucknow,Uttar Pradesh
C02458,Vikram Verma,Consumer,Raipur,Chhattisgarh
C02459,Kavya Naidu,Small Business,Indore,Madhya Pradesh
C02460,Sneha Verma,Corporate,Ranchi,Jharkhand
C02461,Ishita Nair,Small Business,Raipur,Chhattisgarh
C02462,Kiran Gupta,Consumer,Raipur,Chhattisgarh
C02463,Priya Rao,Premium,Indore,Madhya Pradesh
C02464,Aditya Joshi,Consumer,Mumbai,Maharashtra
C02465,Vikram Kumar,Corporate,Jaipur,Rajasthan
C02466,Ananya Kumar,Small Business,Ludhiana,Punjab
C02467,Kiran Iyer,Consumer,Raipur,Chhattisgarh
C02468,Kiran Joshi,Small Business,Panaji,Goa
C02469,Sanjay Singh,Premium,New Delhi,Delhi
C02470,Vikram Das,Consumer,Bengaluru,Karnataka
C02471,Rahul Rao,Small Business,Ludhiana,Punjab
C02472,Rohan Singh,Consumer,Mumbai,Maharashtra
C02473,Meera Kumar,Corporate,Lucknow,Uttar Pradesh
C02474,Ananya Mehta,Consumer,Indore,Madhya Pradesh
C02475,Sanjay Joshi,Consumer,Kochi,Kerala
C02476,Manish Naidu,Consumer,Vijayawada,Andhra Pradesh
C02477,Aditya Joshi,Consumer,Panaji,Goa
C02478,Arjun Kumar,Corporate,Ludhiana,Punjab
C02479,Ishita Verma,Consumer,Hyderabad,Telangana
C02480,Aarav Joshi,Small Business,Patna,Bihar
C02481,Arjun Rao,Consumer,Indore,Madhya Pradesh
C02482,Vivaan Joshi,Consumer,Kochi,Kerala
C02483,Meera Iyer,Consumer,Chennai,Tamil Nadu
C02484,Priya Iyer,Consumer,Ranchi,Jharkhand
C02485,Aarav Gupta,Consumer,Panaji,Goa
C02486,Priya Naidu,Corporate,Bhubaneswar,Odisha
C02487,Arjun Reddy,Consumer,Raipur,Chhattisgarh
C02488,Aditya Yadav,Corporate,New Delhi,Delhi
C02489,Vikram Nair,Corporate,Chennai,Tamil Nadu
C02490,Ananya Mehta,Consumer,Lucknow,Uttar Pradesh
C02491,Aarav Singh,Consumer,Raipur,Chhattisgarh
C02492,Aditya Verma,Consumer,Chennai,Tamil Nadu
C02493,Ananya Nair,Consumer,Raipur,Chhattisgarh
C02494,Neha Yadav,Corporate,Panaji,Goa
C02495,Kiran Reddy,Consumer,Ludhiana,Punjab
C02496,Sanjay Mishra,Corporate,Lucknow,Uttar Pradesh
C02497,Priya Das,Small Business,Bhubaneswar,Odisha
C02498,Ravi Mishra,Consumer,Raipur,Chhattisgarh
C02499,Arjun Patel,Consumer,Bengaluru,Karnataka
C02500,Aarav Iyer,Small Business,Kolkata,West Bengal
C02501,Rohan Sharma,Consumer,Chennai,Tamil Nadu
C02502,Ananya Singh,Corporate,Mumbai,Maharashtra
C02503,Meera Das,Small Business,Ranchi,Jharkhand
C02504,Ravi Joshi,Small Business,New Delhi,Delhi
C02505,Rahul Kumar,Small Business,Raipur,Chhattisgarh
C02506,Meera Singh,Corporate,Bhubaneswar,Odisha
C02507,Sanjay Rao,Small Business,Panaji,Goa
C02508,Kavya Naidu,Small Business,Vijayawada,Andhra Pradesh
C02509,Ananya Sharma,Premium,Patna,Bihar
C02510,Pooja Nair,Consumer,Jaipur,Rajasthan
C02511,Aarav Yadav,Consumer,Bengaluru,Karnataka
C02512,Priya Patel,Consumer,Patna,Bihar
C02513,Ishita Reddy,Small Business,Kolkata,West Bengal
C02514,Ishita Das,Premium,New Delhi,Delhi
C02515,Sanjay Yadav,Corporate,Bhubaneswar,Odisha
C02516,Priya Sharma,Premium,Vijayawada,Andhra Pradesh
C02517,Rohan Iyer,Small Business,Ahmedabad,Gujarat
C02518,Neha Kumar,Small Business,Ludhiana,Punjab
C02519,Aarav Iyer,Consumer,Hyderabad,Telangana
C02520,Arjun Rao,Corporate,Panaji,Goa
C02521,Manish Reddy,Corporate,Kolkata,West Bengal
C02522,Sneha Yadav,Small Business,Mumbai,Maharashtra
C02523,Aarav Yadav,Consumer,Kochi,Kerala
C02524,Pooja Nair,Corporate,Raipur,Chhattisgarh
C02525,Ishita Sharma,Consumer,Bhubaneswar,Odisha
C02526,Rahul Mehta,Consumer,Chennai,Tamil Nadu
C02527,Priya Iyer,Corporate,Bengaluru,Karnataka
C02528,Ishita Patel,Consumer,Bhubaneswar,Odisha
C02529,Nikhil Patel,Consumer,Hyderabad,Telangana
C02530,Manish Patel,Consumer,New Delhi,Delhi
C02531,Nikhil Patel,Consumer,Chennai,Tamil Nadu
C02532,Aarav Joshi,Consumer,Mumbai,Maharashtra
C02533,Rohan Gupta,Small Business,Mumbai,Maharashtra
C02534,Ishita Sharma,Consumer,Ranchi,Jharkhand
C02535,Arjun Verma,Corporate,Lucknow,Uttar Pradesh
C02536,Aarav Joshi,Small Business,Chennai,Tamil Nadu
C02537,Sanjay Kumar,Premium,Vijayawada,Andhra Pradesh
C02538,Meera Joshi,Consumer,Vijayawada,Andhra Pradesh
C02539,Ravi Naidu,Corporate,Hyderabad,Telangana
C02540,Aarav Das,Consumer,Bengaluru,Karnataka
C02541,Sanjay Rao,Small Business,Mumbai,Maharashtra
C02542,Manish Reddy,Consumer,Vijayawada,Andhra Pradesh
C02543,Kiran Gupta,Consumer,Chennai,Tamil Nadu
C02544,Neha Yadav,Consumer,Indore,Madhya Pradesh
C02545,Priya Verma,Consumer,Chennai,Tamil Nadu
C02546,Sneha Naidu,Consumer,Ahmedabad,Gujarat
C02547,Pooja Das,Consumer,Raipur,Chhattisgarh
C02548,Kavya Nair,Small Business,Jaipur,Rajasthan
C02549,Pooja Sharma,Corporate,Mumbai,Maharashtra
C02550,Rohan Nair,Consumer,Lucknow,Uttar Pradesh
C02551,Kavya Patel,Small Business,Vijayawada,Andhra Pradesh
C02552,Ananya Naidu,Premium,Panaji,Goa
C02553,Ravi Naidu,Small Business,Ahmedabad,Gujarat
C02554,Rahul Kumar,Consumer,Jaipur,Rajasthan
C02555,Rohan Nair,Premium,Bhubaneswar,Odisha
C02556,Sanjay Mishra,Consumer,Bengaluru,Karnataka
C02557,Rohan Das,Consumer,Kolkata,West Bengal
C02558,Vikram Mehta,Premium,Kolkata,West Bengal
C02559,Vikram Mehta,Consumer,Bhubaneswar,Odisha
C02560,Ananya Reddy,Consumer,Vijayawada,Andhra Pradesh
C02561,Aarav Mishra,Consumer,Lucknow,Uttar Pradesh
C02562,Kiran Kumar,Small Business,Chennai,Tamil Nadu
C02563,Aditya Nair,Consumer,Hyderabad,Telangana
C02564,Sneha Reddy,Consumer,Indore,Madhya Pradesh
C02565,Meera Gupta,Consumer,New Delhi,Delhi
C02566,Arjun Reddy,Premium,Vijayawada,Andhra Pradesh
C02567,Aditya Singh,Small Business,Bhubaneswar,Odisha
C02568,Manish Patel,Consumer,Panaji,Goa
C02569,Ravi Rao,Consumer,Jaipur,Rajasthan
C02570,Aarav Gupta,Consumer,Vijayawada,Andhra Pradesh
C02571,Manish Naidu,Corporate,Kochi,Kerala
C02572,Kiran Patel,Corporate,Ludhiana,Punjab
C02573,Pooja Nair,Small Business,Ludhiana,Punjab
C02574,Kavya Nair,Small Business,Hyderabad,Telangana
C02575,Rohan Verma,Small Business,New Delhi,Delhi
C02576,Vikram Mehta,Consumer,Chennai,Tamil Nadu
C02577,Aarav Das,Consumer,Ludhiana,Punjab
C02578,Meera Rao,Corporate,Patna,Bihar
C02579,Vivaan Sharma,Consumer,Hyderabad,Telangana
C02580,Manish Yadav,Consumer,Hyderabad,Telangana
C02581,Pooja Nair,Corporate,Bhubaneswar,Odisha
C02582,Sneha Joshi,Corporate,Ranchi,Jharkhand
C02583,Kiran Kumar,Premium,Raipur,Chhattisgarh
C02584,Sneha Mehta,Consumer,Jaipur,Rajasthan
C02585,Vikram Das,Consumer,Panaji,Goa
C02586,Ravi Mishra,Consumer,Indore,Madhya Pradesh
C02587,Meera Mehta,Consumer,Kolkata,West Bengal
C02588,Vivaan Patel,Small Business,Patna,Bihar
C02589,Kiran Patel,Consumer,Bengaluru,Karnataka
C02590,Priya Gupta,Corporate,Mumbai,Maharashtra
C02591,Aditya Rao,Small Business,Bengaluru,Karnataka
C02592,Kavya Sharma,Consumer,Panaji,Goa
C02593,Pooja Kumar,Corporate,Jaipur,Rajasthan
C02594,Aarav Mishra,Consumer,Indore,Madhya Pradesh
C02595,Kiran Sharma,Small Business,Mumbai,Maharashtra
C02596,Kiran Joshi,Consumer,Raipur,Chhattisgarh
C02597,Priya Mehta,Small Business,Jaipur,Rajasthan
C02598,Sanjay Mishra,Consumer,Hyderabad,Telangana
C02599,Rohan Das,Consumer,Bengaluru,Karnataka
C02600,Priya Das,Corporate,Ahmedabad,Gujarat
C02601,Rahul Singh,Premium,Raipur,Chhattisgarh
C02602,Vivaan Reddy,Consumer,Ludhiana,Punjab
C02603,Priya Gupta,Corporate,Raipur,Chhattisgarh
C02604,Neha Nair,Consumer,Kochi,Kerala
C02605,Arjun Nair,Consumer,Chennai,Tamil Nadu
C02606,Vivaan Iyer,Corporate,Indore,Madhya Pradesh
C02607,Ravi Iyer,Small Business,Ahmedabad,Gujarat
C02608,Sneha Iyer,Consumer,Bhubaneswar,Odisha
C02609,Kiran Sharma,Consumer,Indore,Madhya Pradesh
C02610,Vivaan Kumar,Consumer,Ahmedabad,Gujarat
C02611,Kiran Rao,Consumer,Bengaluru,Karnataka
C02612,Aditya Mehta,Corporate,Bengaluru,Karnataka
C02613,Ravi Joshi,Small Business,Ludhiana,Punjab
C02614,Rahul Mehta,Consumer,Lucknow,Uttar Pradesh
C02615,Nikhil Kumar,Corporate,Ludhiana,Punjab
C02616,Rahul Mehta,Consumer,Bengaluru,Karnataka
C02617,Neha Kumar,Consumer,Mumbai,Maharashtra
C02618,Ishita Sharma,Consumer,Ahmedabad,Gujarat
C02619,Vivaan Rao,Corporate,Ahmedabad,Gujarat
C02620,Ishita Verma,Corporate,Jaipur,Rajasthan
C02621,Aarav Gupta,Small Business,Kochi,Kerala
C02622,Neha Yadav,Consumer,Vijayawada,Andhra Pradesh
C02623,Vivaan Rao,Small Business,Indore,Madhya Pradesh
C02624,Rohan Gupta,Consumer,Patna,Bihar
C02625,Aarav Singh,Premium,Ranchi,Jharkhand
C02626,Nikhil Iyer,Consumer,Jaipur,Rajasthan
C02627,Kavya Sharma,Consumer,Patna,Bihar
C02628,Priya Mishra,Consumer,Patna,Bihar
C02629,Vikram Reddy,Consumer,Bengaluru,Karnataka
C02630,Manish Naidu,Consumer,Jaipur,Rajasthan
C02631,Kiran Mishra,Corporate,Lucknow,Uttar Pradesh
C02632,Rahul Rao,Small Business,Panaji,Goa
C02633,Kiran Reddy,Corporate,Mumbai,Maharashtra
C02634,Rohan Sharma,Corporate,Ahmedabad,Gujarat
C02635,Sneha Reddy,Small Business,Hyderabad,Telangana
C02636,Meera Mehta,Small Business,New Delhi,Delhi
C02637,Kiran Mehta,Small Business,Ahmedabad,Gujarat
C02638,Pooja Nair,Corporate,Mumbai,Maharashtra
C02639,Neha Joshi,Consumer,Kochi,Kerala
C02640,Aditya Joshi,Consumer,Bhubaneswar,Odisha
C02641,Ananya Rao,Consumer,New Delhi,Delhi
C02642,Ravi Gupta,Small Business,Ludhiana,Punjab
C02643,Ishita Mehta,Premium,Vijayawada,Andhra Pradesh
C02644,Pooja Gupta,Small Business,Lucknow,Uttar Pradesh
C02645,Arjun Iyer,Consumer,Bhubaneswar,Odisha
C02646,Aditya Reddy,Consumer,Mumbai,Maharashtra
C02647,Arjun Mehta,Consumer,Panaji,Goa
C02648,Aditya Reddy,Premium,Ludhiana,Punjab
C02649,Pooja Naidu,Consumer,Ahmedabad,Gujarat
C02650,Priya Sharma,Corporate,Raipur,Chhattisgarh
C02651,Neha Das,Small Business,Ahmedabad,Gujarat
C02652,Meera Nair,Small Business,Bengaluru,Karnataka
C02653,Priya Nair,Consumer,Bhubaneswar,Odisha
C02654,Ishita Naidu,Consumer,Ludhiana,Punjab
C02655,Arjun Singh,Corporate,Raipur,Chhattisgarh
C02656,Vikram Naidu,Small Business,Hyderabad,Telangana
C02657,Meera Joshi,Small Business,Bhubaneswar,Odisha
C02658,Aditya Rao,Corporate,Ranchi,Jharkhand
C02659,Vivaan Nair,Consumer,Patna,Bihar
C02660,Neha Patel,Premium,Kochi,Kerala
C02661,Nikhil Mishra,Small Business,Ahmedabad,Gujarat
C02662,Priya Gupta,Consumer,Ahmedabad,Gujarat
C02663,Vikram Mehta,Consumer,Bengaluru,Karnataka
C02664,Neha Patel,Consumer,Vijayawada,Andhra Pradesh
C02665,Rahul Mishra,Consumer,Mumbai,Maharashtra
C02666,Vivaan Rao,Corporate,Raipur,Chhattisgarh
C02667,Kiran Singh,Consumer,Mumbai,Maharashtra
C02668,Priya Iyer,Corporate,Lucknow,Uttar Pradesh
C02669,Pooja Gupta,Consumer,Lucknow,Uttar Pradesh
C02670,Aditya Rao,Consumer,Jaipur,Rajasthan
C02671,Sneha Naidu,Consumer,Panaji,Goa
C02672,Meera Iyer,Consumer,Bengaluru,Karnataka
C02673,Vivaan Yadav,Consumer,Ranchi,Jharkhand
C02674,Vivaan Mehta,Premium,Ludhiana,Punjab
C02675,Nikhil Yadav,Consumer,Bhubaneswar,Odisha
C02676,Ishita Nair,Corporate,Panaji,Goa
C02677,Kavya Verma,Consumer,Vijayawada,Andhra Pradesh
C02678,Ishita Patel,Consumer,Mumbai,Maharashtra
C02679,Aditya Mishra,Consumer,Hyderabad,Telangana
C02680,Sanjay Nair,Premium,Raipur,Chhattisgarh
C02681,Kiran Mehta,Corporate,Panaji,Goa
C02682,Ravi Rao,Consumer,Lucknow,Uttar Pradesh
C02683,Ravi Singh,Small Business,Ludhiana,Punjab
C02684,Ravi Naidu,Consumer,Bhubaneswar,Odisha
C02685,Meera Patel,Corporate,Panaji,Goa
C02686,Ananya Das,Small Business,Jaipur,Rajasthan
C02687,Sanjay Yadav,Corporate,Patna,Bihar
C02688,Vivaan Singh,Corporate,Ahmedabad,Gujarat
C02689,Ishita Kumar,Consumer,Jaipur,Rajasthan
C02690,Priya Joshi,Consumer,Patna,Bihar
C02691,Arjun Rao,Premium,Vijayawada,Andhra Pradesh
C02692,Aditya Singh,Premium,Vijayawada,Andhra Pradesh
C02693,Rahul Gupta,Corporate,Kolkata,West Bengal
C02694,Rohan Das,Corporate,Bhubaneswar,Odisha
C02695,Meera Sharma,Corporate,Bengaluru,Karnataka
C02696,Kavya Reddy,Consumer,Raipur,Chhattisgarh
C02697,Meera Naidu,Corporate,Vijayawada,Andhra Pradesh
C02698,Rohan Nair,Consumer,New Delhi,Delhi
C02699,Ishita Mishra,Small Business,Bhubaneswar,Odisha
C02700,Nikhil Das,Small Business,Bhubaneswar,Odisha
C02701,Neha Das,Consumer,Ranchi,Jharkhand
C02702,Sanjay Iyer,Small Business,Ranchi,Jharkhand
C02703,Priya Singh,Corporate,Bengaluru,Karnataka
C02704,Aditya Rao,Premium,Mumbai,Maharashtra
C02705,Kiran Rao,Corporate,Mumbai,Maharashtra
C02706,Ananya Gupta,Consumer,Kochi,Kerala
C02707,Neha Patel,Consumer,Raipur,Chhattisgarh
C02708,Sneha Nair,Corporate,Lucknow,Uttar Pradesh
C02709,Ishita Yadav,Consumer,Bhubaneswar,Odisha
C02710,Ravi Naidu,Corporate,Ahmedabad,Gujarat
C02711,Aarav Das,Consumer,Patna,Bihar
C02712,Ishita Mehta,Small Business,Patna,Bihar
C02713,Nikhil Sharma,Consumer,Ludhiana,Punjab
C02714,Kiran Mehta,Consumer,Ranchi,Jharkhand
C02715,Kavya Patel,Consumer,Ranchi,Jharkhand
C02716,Vivaan Sharma,Consumer,Jaipur,Rajasthan
C02717,Aditya Reddy,Premium,Raipur,Chhattisgarh
C02718,Rohan Joshi,Small Business,Vijayawada,Andhra Pradesh
C02719,Ravi Mishra,Consumer,Chennai,Tamil Nadu
C02720,Sanjay Mishra,Small Business,Bhubaneswar,Odisha
C02721,Meera Reddy,Corporate,Panaji,Goa
C02722,Arjun Joshi,Small Business,Raipur,Chhattisgarh
C02723,Priya Mishra,Consumer,Bhubaneswar,Odisha
C02724,Rohan Sharma,Corporate,Patna,Bihar
C02725,Vivaan Yadav,Consumer,Lucknow,Uttar Pradesh
C02726,Kiran Das,Consumer,Ranchi,Jharkhand
C02727,Nikhil Joshi,Consumer,Patna,Bihar
C02728,Sneha Sharma,Corporate,Ahmedabad,Gujarat
C02729,Nikhil Joshi,Consumer,Lucknow,Uttar Pradesh
C02730,Manish Verma,Consumer,Ranchi,Jharkhand
C02731,Sneha Singh,Consumer,Kochi,Kerala
C02732,Pooja Nair,Small Business,Jaipur,Rajasthan
C02733,Aarav Nair,Consumer,Patna,Bihar
C02734,Priya Reddy,Consumer,Vijayawada,Andhra Pradesh
C02735,Kavya Kumar,Small Business,Lucknow,Uttar Pradesh
C02736,Rohan Yadav,Premium,Hyderabad,Telangana
C02737,Pooja Sharma,Consumer,Chennai,Tamil Nadu
C02738,Priya Patel,Premium,Kochi,Kerala
C02739,Nikhil Kumar,Consumer,Ranchi,Jharkhand
C02740,Ananya Joshi,Consumer,Ahmedabad,Gujarat
C02741,Nikhil Rao,Consumer,Ranchi,Jharkhand
C02742,Nikhil Gupta,Consumer,Kochi,Kerala
C02743,Kiran Rao,Consumer,Hyderabad,Telangana
C02744,Manish Nair,Consumer,Indore,Madhya Pradesh
C02745,Arjun Mishra,Consumer,Panaji,Goa
C02746,Aditya Sharma,Consumer,Bengaluru,Karnataka
C02747,Ravi Yadav,Premium,Chennai,Tamil Nadu
C02748,Kiran Gupta,Small Business,Kolkata,West Bengal
C02749,Pooja Mehta,Consumer,Hyderabad,Telangana
C02750,Kiran Joshi,Small Business,Kochi,Kerala
C02751,Priya Mishra,Premium,Panaji,Goa
C02752,Kiran Reddy,Premium,Vijayawada,Andhra Pradesh
C02753,Ravi Singh,Small Business,Bhubaneswar,Odisha
C02754,Sanjay Patel,Corporate,Indore,Madhya Pradesh
C02755,Ishita Kumar,Consumer,Bhubaneswar,Odisha
C02756,Aditya Kumar,Consumer,Bhubaneswar,Odisha
C02757,Priya Das,Small Business,Ahmedabad,Gujarat
C02758,Priya Mehta,Corporate,Jaipur,Rajasthan
C02759,Rohan Nair,Consumer,Bengaluru,Karnataka
C02760,Vivaan Patel,Consumer,New Delhi,Delhi
C02761,Vikram Mehta,Corporate,Indore,Madhya Pradesh
C02762,Sanjay Sharma,Consumer,Vijayawada,Andhra Pradesh
C02763,Aarav Naidu,Corporate,Ahmedabad,Gujarat
C02764,Arjun Rao,Consumer,Ludhiana,Punjab
C02765,Nikhil Nair,Corporate,Raipur,Chhattisgarh
C02766,Vivaan Joshi,Small Business,Jaipur,Rajasthan
C02767,Sanjay Nair,Corporate,Jaipur,Rajasthan
C02768,Sanjay Patel,Corporate,Ahmedabad,Gujarat
C02769,Kiran Iyer,Premium,Bhubaneswar,Odisha
C02770,Neha Mishra,Consumer,Bengaluru,Karnataka
C02771,Nikhil Yadav,Consumer,Ranchi,Jharkhand
C02772,Ravi Mishra,Consumer,Mumbai,Maharashtra
C02773,Priya Gupta,Consumer,Ranchi,Jharkhand
C02774,Nikhil Gupta,Consumer,Ludhiana,Punjab
C02775,Pooja Nair,Consumer,New Delhi,Delhi
C02776,Rohan Das,Consumer,Chennai,Tamil Nadu
C02777,Ananya Rao,Small Business,Jaipur,Rajasthan
C02778,Ananya Reddy,Small Business,Kolkata,West Bengal
C02779,Meera Kumar,Small Business,Jaipur,Rajasthan
C02780,Kiran Das,Corporate,Ahmedabad,Gujarat
C02781,Neha Reddy,Premium,Kochi,Kerala
C02782,Ravi Nair,Small Business,Bhubaneswar,Odisha
C02783,Meera Gupta,Premium,Chennai,Tamil Nadu
C02784,Priya Patel,Consumer,Indore,Madhya Pradesh
C02785,Neha Rao,Corporate,Ranchi,Jharkhand
C02786,Ananya Mehta,Premium,New Delhi,Delhi
C02787,Ananya Rao,Consumer,Hyderabad,Telangana
C02788,Priya Joshi,Consumer,Kolkata,West Bengal
C02789,Sneha Singh,Small Business,Kochi,Kerala
C02790,Arjun Iyer,Consumer,Lucknow,Uttar Pradesh
C02791,Aarav Rao,Premium,Chennai,Tamil Nadu
C02792,Nikhil Yadav,Consumer,Chennai,Tamil Nadu
C02793,Rohan Mishra,Corporate,New Delhi,Delhi
C02794,Kiran Rao,Consumer,Panaji,Goa
C02795,Ananya Naidu,Consumer,Bengaluru,Karnataka
C02796,Vikram Kumar,Corporate,Vijayawada,Andhra Pradesh
C02797,Sneha Verma,Corporate,Ahmedabad,Gujarat
C02798,Vivaan Verma,Small Business,Vijayawada,Andhra Pradesh
C02799,Nikhil Nair,Small Business,Mumbai,Maharashtra
C02800,Rohan Das,Corporate,Chennai,Tamil Nadu
C02801,Kiran Rao,Consumer,Hyderabad,Telangana
C02802,Sneha Naidu,Corporate,Ahmedabad,Gujarat
C02803,Ananya Nair,Consumer,Ranchi,Jharkhand
C02804,Sanjay Kumar,Corporate,Lucknow,Uttar Pradesh
C02805,Sneha Naidu,Corporate,Jaipur,Rajasthan
C02806,Nikhil Nair,Small Business,Patna,Bihar
C02807,Vivaan Yadav,Small Business,Indore,Madhya Pradesh
C02808,Manish Singh,Consumer,Kolkata,West Bengal
C02809,Rahul Verma,Corporate,Vijayawada,Andhra Pradesh
C02810,Ishita Kumar,Corporate,Kochi,Kerala
C02811,Aditya Das,Consumer,Kolkata,West Bengal
C02812,Sanjay Patel,Premium,Bengaluru,Karnataka
C02813,Vikram Reddy,Consumer,Ranchi,Jharkhand
C02814,Kavya Rao,Corporate,Kochi,Kerala
C02815,Ishita Naidu,Corporate,Jaipur,Rajasthan
C02816,Ravi Verma,Small Business,Ahmedabad,Gujarat
C02817,Neha Reddy,Small Business,Ranchi,Jharkhand
C02818,Pooja Mishra,Consumer,Mumbai,Maharashtra
C02819,Nikhil Kumar,Consumer,Kolkata,West Bengal
C02820,Ravi Mehta,Corporate,Indore,Madhya Pradesh
C02821,Sneha Joshi,Small Business,Ludhiana,Punjab
C02822,Kiran Nair,Corporate,Lucknow,Uttar Pradesh
C02823,Aarav Rao,Premium,Ludhiana,Punjab
C02824,Sanjay Das,Consumer,New Delhi,Delhi
C02825,Sanjay Verma,Corporate,Bhubaneswar,Odisha
C02826,Rahul Sharma,Corporate,Patna,Bihar
C02827,Vivaan Naidu,Corporate,Chennai,Tamil Nadu
C02828,Kiran Yadav,Consumer,Mumbai,Maharashtra
C02829,Sanjay Nair,Consumer,Vijayawada,Andhra Pradesh
C02830,Sanjay Patel,Small Business,Raipur,Chhattisgarh
C02831,Ishita Reddy,Corporate,Vijayawada,Andhra Pradesh
C02832,Sneha Nair,Small Business,Panaji,Goa
C02833,Meera Sharma,Consumer,Chennai,Tamil Nadu
C02834,Ishita Kumar,Premium,Hyderabad,Telangana
C02835,Manish Rao,Consumer,Kochi,Kerala
C02836,Vikram Nair,Consumer,Patna,Bihar
C02837,Kiran Patel,Small Business,Kochi,Kerala
C02838,Ishita Kumar,Corporate,Vijayawada,Andhra Pradesh
C02839,Nikhil Iyer,Consumer,Ludhiana,Punjab
C02840,Kavya Yadav,Corporate,Kolkata,West Bengal
C02841,Priya Mehta,Small Business,Kochi,Kerala
C02842,Manish Verma,Corporate,Ludhiana,Punjab
C02843,Priya Sharma,Small Business,Patna,Bihar
C02844,Ishita Kumar,Consumer,Hyderabad,Telangana
C02845,Kiran Joshi,Consumer,Vijayawada,Andhra Pradesh
C02846,Meera Nair,Consumer,Mumbai,Maharashtra
C02847,Arjun Mishra,Premium,Jaipur,Rajasthan
C02848,Aarav Verma,Consumer,Indore,Madhya Pradesh
C02849,Aarav Das,Consumer,Kochi,Kerala
C02850,Nikhil Yadav,Small Business,Bengaluru,Karnataka
C02851,Vikram Kumar,Consumer,Lucknow,Uttar Pradesh
C02852,Aditya Singh,Consumer,Ranchi,Jharkhand
C02853,Rahul Reddy,Consumer,Jaipur,Rajasthan
C02854,Rohan Iyer,Consumer,Indore,Madhya Pradesh
C02855,Manish Patel,Consumer,Raipur,Chhattisgarh
C02856,Aarav Kumar,Premium,Ludhiana,Punjab
C02857,Sneha Verma,Small Business,Chennai,Tamil Nadu
C02858,Rahul Sharma,Consumer,Mumbai,Maharashtra
C02859,Sneha Sharma,Consumer,Bhubaneswar,Odisha
C02860,Neha Singh,Consumer,Ahmedabad,Gujarat
C02861,Aarav Nair,Premium,Hyderabad,Telangana
C02862,Pooja Nair,Consumer,Chennai,Tamil Nadu
C02863,Kiran Mishra,Consumer,Raipur,Chhattisgarh
C02864,Aarav Singh,Corporate,Kolkata,West Bengal
C02865,Priya Das,Small Business,Jaipur,Rajasthan
C02866,Kiran Mishra,Consumer,Bhubaneswar,Odisha
C02867,Vivaan Naidu,Small Business,Chennai,Tamil Nadu
C02868,Ananya Yadav,Premium,Kochi,Kerala
C02869,Rohan Sharma,Corporate,New Delhi,Delhi
C02870,Vivaan Mishra,Corporate,Indore,Madhya Pradesh
C02871,Aditya Reddy,Premium,Ludhiana,Punjab
C02872,Ananya Gupta,Consumer,Hyderabad,Telangana
C02873,Kiran Nair,Premium,Lucknow,Uttar Pradesh
C02874,Rahul Reddy,Consumer,Ahmedabad,Gujarat
C02875,Ishita Gupta,Consumer,Vijayawada,Andhra Pradesh
C02876,Priya Sharma,Consumer,Lucknow,Uttar Pradesh
C02877,Rohan Patel,Consumer,Raipur,Chhattisgarh
C02878,Rahul Das,Small Business,Bengaluru,Karnataka
C02879,Sanjay Verma,Consumer,Ranchi,Jharkhand
C02880,Kavya Naidu,Small Business,Panaji,Goa
C02881,Sneha Rao,Consumer,Raipur,Chhattisgarh
C02882,Meera Joshi,Corporate,Vijayawada,Andhra Pradesh
C02883,Aarav Sharma,Corporate,Patna,Bihar
C02884,Manish Nair,Consumer,Ranchi,Jharkhand
C02885,Ishita Singh,Consumer,Patna,Bihar
C02886,Arjun Nair,Corporate,Bhubaneswar,Odisha
C02887,Ravi Verma,Small Business,Ahmedabad,Gujarat
C02888,Meera Verma,Consumer,Kochi,Kerala
C02889,Aditya Joshi,Consumer,Chennai,Tamil Nadu
C02890,Pooja Verma,Small Business,Kochi,Kerala
C02891,Arjun Das,Consumer,New Delhi,Delhi
C02892,Vikram Nair,Premium,Ranchi,Jharkhand
C02893,Ravi Nair,Small Business,Raipur,Chhattisgarh
C02894,Kavya Kumar,Consumer,Ludhiana,Punjab
C02895,Ananya Naidu,Consumer,Panaji,Goa
C02896,Vivaan Patel,Premium,Hyderabad,Telangana
C02897,Sanjay Das,Small Business,Ahmedabad,Gujarat
C02898,Meera Kumar,Consumer,Patna,Bihar
C02899,Pooja Mehta,Consumer,Bhubaneswar,Odisha
C02900,Neha Verma,Consumer,Ludhiana,Punjab
C02901,Rahul Iyer,Consumer,Lucknow,Uttar Pradesh
C02902,Aditya Nair,Premium,Mumbai,Maharashtra
C02903,Sneha Joshi,Small Business,Mumbai,Maharashtra
C02904,Sanjay Reddy,Corporate,Bhubaneswar,Odisha
C02905,Priya Kumar,Consumer,Lucknow,Uttar Pradesh
C02906,Neha Yadav,Premium,Jaipur,Rajasthan
C02907,Aarav Iyer,Consumer,Ahmedabad,Gujarat
C02908,Manish Mehta,Corporate,Kochi,Kerala
C02909,Arjun Naidu,Consumer,Ahmedabad,Gujarat
C02910,Ravi Verma,Consumer,Patna,Bihar
C02911,Sneha Sharma,Consumer,New Delhi,Delhi
C02912,Kiran Gupta,Premium,New Delhi,Delhi
C02913,Sneha Singh,Corporate,Lucknow,Uttar Pradesh
C02914,Arjun Mehta,Consumer,Raipur,Chhattisgarh
C02915,Ishita Gupta,Consumer,Hyderabad,Telangana
C02916,Priya Kumar,Consumer,Vijayawada,Andhra Pradesh
C02917,Manish Verma,Small Business,Kochi,Kerala
C02918,Vivaan Reddy,Small Business,Ranchi,Jharkhand
C02919,Meera Yadav,Consumer,Kolkata,West Bengal
C02920,Sneha Iyer,Consumer,Mumbai,Maharashtra
C02921,Sneha Nair,Consumer,Hyderabad,Telangana
C02922,Kiran Verma,Corporate,Bhubaneswar,Odisha
C02923,Meera Rao,Small Business,Ludhiana,Punjab
C02924,Meera Nair,Corporate,Ranchi,Jharkhand
C02925,Kavya Das,Consumer,Chennai,Tamil Nadu
C02926,Pooja Das,Small Business,Lucknow,Uttar Pradesh
C02927,Sneha Sharma,Corporate,Patna,Bihar
C02928,Manish Rao,Consumer,Indore,Madhya Pradesh
C02929,Vivaan Joshi,Consumer,Indore,Madhya Pradesh
C02930,Manish Kumar,Consumer,Ahmedabad,Gujarat
C02931,Rahul Nair,Small Business,Chennai,Tamil Nadu
C02932,Meera Gupta,Consumer,Patna,Bihar
C02933,Aditya Mehta,Consumer,Kolkata,West Bengal
C02934,Pooja Sharma,Consumer,Hyderabad,Telangana
C02935,Nikhil Nair,Small Business,Bhubaneswar,Odisha
C02936,Aditya Kumar,Consumer,Lucknow,Uttar Pradesh
C02937,Manish Iyer,Corporate,New Delhi,Delhi
C02938,Rohan Naidu,Corporate,Ahmedabad,Gujarat
C02939,Vikram Verma,Consumer,Raipur,Chhattisgarh
C02940,Rohan Reddy,Consumer,Lucknow,Uttar Pradesh
C02941,Sanjay Nair,Consumer,Mumbai,Maharashtra
C02942,Kavya Patel,Corporate,Kolkata,West Bengal
C02943,Manish Sharma,Consumer,Indore,Madhya Pradesh
C02944,Kavya Mishra,Small Business,Mumbai,Maharashtra
C02945,Manish Reddy,Consumer,Indore,Madhya Pradesh
C02946,Vivaan Verma,Consumer,Mumbai,Maharashtra
C02947,Sanjay Yadav,Corporate,Ranchi,Jharkhand
C02948,Aditya Yadav,Premium,Bengaluru,Karnataka
C02949,Pooja Kumar,Consumer,Chennai,Tamil Nadu
C02950,Rahul Rao,Consumer,Ranchi,Jharkhand
C02951,Nikhil Joshi,Consumer,Raipur,Chhattisgarh
C02952,Meera Sharma,Consumer,Raipur,Chhattisgarh
C02953,Rohan Iyer,Consumer,Chennai,Tamil Nadu
C02954,Manish Mehta,Corporate,Indore,Madhya Pradesh
C02955,Kiran Sharma,Premium,Ranchi,Jharkhand
C02956,Meera Nair,Consumer,Chennai,Tamil Nadu
C02957,Kiran Nair,Small Business,Bengaluru,Karnataka
C02958,Aarav Mehta,Corporate,Raipur,Chhattisgarh
C02959,Sanjay Iyer,Small Business,Ranchi,Jharkhand
C02960,Sneha Gupta,Corporate,Mumbai,Maharashtra
C02961,Nikhil Reddy,Consumer,Bengaluru,Karnataka
C02962,Ananya Nair,Small Business,Ranchi,Jharkhand
C02963,Nikhil Das,Consumer,Bengaluru,Karnataka
C02964,Kiran Rao,Small Business,Patna,Bihar
C02965,Ishita Sharma,Corporate,Panaji,Goa
C02966,Kiran Gupta,Consumer,Bhubaneswar,Odisha
C02967,Ravi Rao,Corporate,Indore,Madhya Pradesh
C02968,Arjun Das,Small Business,Mumbai,Maharashtra
C02969,Vikram Rao,Consumer,Lucknow,Uttar Pradesh
C02970,Pooja Kumar,Consumer,Bhubaneswar,Odisha
C02971,Vivaan Kumar,Premium,Ahmedabad,Gujarat
C02972,Nikhil Sharma,Small Business,Ranchi,Jharkhand
C02973,Sneha Nair,Small Business,New Delhi,Delhi
C02974,Kavya Nair,Consumer,Kolkata,West Bengal
C02975,Aarav Das,Premium,Kolkata,West Bengal
C02976,Neha Nair,Consumer,New Delhi,Delhi
C02977,Aarav Das,Consumer,Hyderabad,Telangana
C02978,Kavya Das,Corporate,Raipur,Chhattisgarh
C02979,Rohan Verma,Consumer,Hyderabad,Telangana
C02980,Nikhil Rao,Small Business,Hyderabad,Telangana
C02981,Ravi Mishra,Corporate,Kolkata,West Bengal
C02982,Nikhil Sharma,Consumer,Vijayawada,Andhra Pradesh
C02983,Ishita Patel,Small Business,Kochi,Kerala
C02984,Arjun Kumar,Corporate,Patna,Bihar
C02985,Ananya Kumar,Corporate,Patna,Bihar
C02986,Pooja Yadav,Consumer,Ranchi,Jharkhand
C02987,Priya Mehta,Consumer,Jaipur,Rajasthan
C02988,Ananya Iyer,Consumer,Bhubaneswar,Odisha
C02989,Nikhil Singh,Premium,Lucknow,Uttar Pradesh
C02990,Kavya Gupta,Consumer,Kochi,Kerala
C02991,Sneha Singh,Premium,Bengaluru,Karnataka
C02992,Rahul Yadav,Premium,Vijayawada,Andhra Pradesh
C02993,Nikhil Iyer,Consumer,Ahmedabad,Gujarat
C02994,Sneha Mishra,Consumer,Kolkata,West Bengal
C02995,Ravi Das,Corporate,Kolkata,West Bengal
C02996,Pooja Rao,Consumer,New Delhi,Delhi
C02997,Aarav Reddy,Consumer,Bengaluru,Karnataka
C02998,Nikhil Patel,Consumer,Panaji,Goa
C02999,Neha Singh,Small Business,Mumbai,Maharashtra
C03000,Rahul Reddy,Corporate,Mumbai,Maharashtra
C03001,Arjun Sharma,Corporate,Ranchi,Jharkhand
C03002,Manish Iyer,Consumer,Lucknow,Uttar Pradesh
C03003,Sneha Patel,Consumer,Bhubaneswar,Odisha
C03004,Neha Rao,Corporate,Kochi,Kerala
C03005,Ananya Rao,Consumer,Bengaluru,Karnataka
C03006,Rohan Patel,Consumer,Patna,Bihar
C03007,Aarav Sharma,Small Business,Bhubaneswar,Odisha
C03008,Ishita Mehta,Consumer,Lucknow,Uttar Pradesh
C03009,Arjun Nair,Consumer,Panaji,Goa
C03010,Neha Gupta,Small Business,Indore,Madhya Pradesh
C03011,Kiran Yadav,Consumer,Ranchi,Jharkhand
C03012,Manish Nair,Consumer,Chennai,Tamil Nadu
C03013,Pooja Mishra,Consumer,Patna,Bihar
C03014,Kavya Patel,Small Business,Panaji,Goa
C03015,Kiran Joshi,Consumer,Lucknow,Uttar Pradesh
C03016,Rohan Reddy,Consumer,Bhubaneswar,Odisha
C03017,Sneha Mehta,Small Business,Lucknow,Uttar Pradesh
C03018,Pooja Yadav,Small Business,New Delhi,Delhi
C03019,Neha Sharma,Corporate,Kolkata,West Bengal
C03020,Aarav Singh,Small Business,Lucknow,Uttar Pradesh
C03021,Sanjay Mehta,Premium,New Delhi,Delhi
C03022,Neha Mishra,Consumer,Vijayawada,Andhra Pradesh
C03023,Manish Nair,Consumer,Bengaluru,Karnataka
C03024,Rohan Rao,Corporate,Chennai,Tamil Nadu
C03025,Kiran Das,Consumer,Indore,Madhya Pradesh
C03026,Pooja Singh,Corporate,Raipur,Chhattisgarh
C03027,Aarav Mishra,Consumer,Mumbai,Maharashtra
C03028,Rohan Naidu,Corporate,Bhubaneswar,Odisha
C03029,Vivaan Patel,Consumer,Panaji,Goa
C03030,Pooja Naidu,Corporate,Hyderabad,Telangana
C03031,Ananya Verma,Small Business,Indore,Madhya Pradesh
C03032,Pooja Patel,Small Business,Kochi,Kerala
C03033,Ishita Patel,Consumer,Hyderabad,Telangana
C03034,Manish Patel,Consumer,Mumbai,Maharashtra
C03035,Nikhil Verma,Small Business,Indore,Madhya Pradesh
C03036,Pooja Joshi,Consumer,Kolkata,West Bengal
C03037,Meera Sharma,Consumer,Ahmedabad,Gujarat
C03038,Ravi Gupta,Corporate,Lucknow,Uttar Pradesh
C03039,Meera Sharma,Small Business,Chennai,Tamil Nadu
C03040,Aarav Gupta,Consumer,Vijayawada,Andhra Pradesh
C03041,Arjun Iyer,Consumer,Ranchi,Jharkhand
C03042,Pooja Verma,Consumer,Patna,Bihar
C03043,Pooja Joshi,Consumer,Bhubaneswar,Odisha
C03044,Rohan Naidu,Consumer,Patna,Bihar
C03045,Aditya Mishra,Small Business,Patna,Bihar
C03046,Kavya Singh,Corporate,Jaipur,Rajasthan
C03047,Vikram Sharma,Corporate,Lucknow,Uttar Pradesh
C03048,Kiran Naidu,Consumer,Lucknow,Uttar Pradesh
C03049,Kavya Nair,Consumer,Kolkata,West Bengal
C03050,Ananya Singh,Premium,Jaipur,Rajasthan
C03051,Rahul Yadav,Consumer,Jaipur,Rajasthan
C03052,Ananya Mehta,Consumer,Patna,Bihar
C03053,Nikhil Verma,Consumer,Chennai,Tamil Nadu
C03054,Ananya Das,Corporate,Kolkata,West Bengal
C03055,Vikram Singh,Small Business,Panaji,Goa
C03056,Vikram Das,Consumer,Vijayawada,Andhra Pradesh
C03057,Sanjay Gupta,Consumer,Raipur,Chhattisgarh
C03058,Priya Nair,Consumer,Vijayawada,Andhra Pradesh
C03059,Rohan Reddy,Consumer,Bengaluru,Karnataka
C03060,Priya Patel,Small Business,Lucknow,Uttar Pradesh
C03061,Sneha Iyer,Corporate,Vijayawada,Andhra Pradesh
C03062,Manish Verma,Consumer,Indore,Madhya Pradesh
C03063,Ishita Rao,Consumer,Patna,Bihar
C03064,Meera Mishra,Small Business,Kochi,Kerala
C03065,Kavya Mishra,Consumer,Bhubaneswar,Odisha
C03066,Sanjay Verma,Small Business,Bengaluru,Karnataka
C03067,Priya Singh,Consumer,Bhubaneswar,Odisha
C03068,Ravi Nair,Corporate,Bengaluru,Karnataka
C03069,Aarav Naidu,Consumer,Indore,Madhya Pradesh
C03070,Ravi Reddy,Corporate,Bengaluru,Karnataka
C03071,Aditya Sharma,Small Business,Ranchi,Jharkhand
C03072,Aarav Naidu,Premium,Ludhiana,Punjab
C03073,Rohan Verma,Consumer,Chennai,Tamil Nadu
C03074,Meera Das,Consumer,Bengaluru,Karnataka
C03075,Kiran Mehta,Consumer,Ludhiana,Punjab
C03076,Rohan Das,Corporate,Mumbai,Maharashtra
C03077,Sneha Verma,Consumer,Hyderabad,Telangana
C03078,Pooja Kumar,Consumer,Raipur,Chhattisgarh
C03079,Pooja Verma,Consumer,Patna,Bihar
C03080,Ishita Naidu,Consumer,Jaipur,Rajasthan
C03081,Kiran Das,Premium,Ahmedabad,Gujarat
C03082,Kiran Iyer,Premium,Ludhiana,Punjab
C03083,Arjun Gupta,Small Business,Ahmedabad,Gujarat
C03084,Aarav Joshi,Consumer,Ludhiana,Punjab
C03085,Nikhil Kumar,Consumer,Raipur,Chhattisgarh
C03086,Ananya Mishra,Premium,Chennai,Tamil Nadu
C03087,Nikhil Das,Consumer,Patna,Bihar
C03088,Ravi Yadav,Consumer,Indore,Madhya Pradesh
C03089,Pooja Iyer,Small Business,Jaipur,Rajasthan
C03090,Manish Nair,Small Business,Panaji,Goa
C03091,Arjun Singh,Consumer,Hyderabad,Telangana
C03092,Rahul Sharma,Corporate,Kochi,Kerala
C03093,Rohan Reddy,Consumer,Patna,Bihar
C03094,Ishita Kumar,Corporate,Jaipur,Rajasthan
C03095,Vikram Kumar,Consumer,Bengaluru,Karnataka
C03096,Aarav Patel,Corporate,Kochi,Kerala
C03097,Arjun Das,Corporate,Ranchi,Jharkhand
C03098,Rahul Joshi,Corporate,Ahmedabad,Gujarat
C03099,Rohan Das,Consumer,Chennai,Tamil Nadu
C03100,Sanjay Singh,Premium,Raipur,Chhattisgarh
C03101,Pooja Das,Small Business,Ranchi,Jharkhand
C03102,Aarav Sharma,Small Business,Ludhiana,Punjab
C03103,Pooja Gupta,Consumer,Patna,Bihar
C03104,Ananya Reddy,Premium,Ahmedabad,Gujarat
C03105,Aditya Singh,Corporate,Kolkata,West Bengal
C03106,Sanjay Das,Consumer,Vijayawada,Andhra Pradesh
C03107,Ravi Iyer,Small Business,Chennai,Tamil Nadu
C03108,Ravi Reddy,Consumer,Lucknow,Uttar Pradesh
C03109,Kavya Patel,Corporate,Ahmedabad,Gujarat
C03110,Meera Sharma,Small Business,Chennai,Tamil Nadu
C03111,Sanjay Mishra,Premium,Kolkata,West Bengal
C03112,Ananya Yadav,Consumer,Indore,Madhya Pradesh
C03113,Kiran Kumar,Premium,Kolkata,West Bengal
C03114,Kiran Naidu,Small Business,Raipur,Chhattisgarh
C03115,Rahul Mishra,Premium,Bhubaneswar,Odisha
C03116,Ravi Iyer,Small Business,Ranchi,Jharkhand
C03117,Neha Mishra,Consumer,Kochi,Kerala
C03118,Vikram Mishra,Consumer,Raipur,Chhattisgarh
C03119,Vikram Rao,Consumer,Chennai,Tamil Nadu
C03120,Arjun Patel,Premium,Chennai,Tamil Nadu
C03121,Neha Sharma,Consumer,Ranchi,Jharkhand
C03122,Ananya Sharma,Small Business,Raipur,Chhattisgarh
C03123,Meera Gupta,Small Business,Bengaluru,Karnataka
C03124,Ananya Mishra,Corporate,Lucknow,Uttar Pradesh
C03125,Nikhil Joshi,Corporate,Mumbai,Maharashtra
C03126,Aditya Rao,Consumer,Kolkata,West Bengal
C03127,Rahul Joshi,Small Business,Jaipur,Rajasthan
C03128,Rohan Rao,Corporate,Bhubaneswar,Odisha
C03129,Arjun Nair,Premium,Ludhiana,Punjab
C03130,Aditya Gupta,Consumer,Vijayawada,Andhra Pradesh
C03131,Priya Das,Small Business,Patna,Bihar
C03132,Vikram Naidu,Corporate,Ahmedabad,Gujarat
C03133,Neha Das,Corporate,Bengaluru,Karnataka
C03134,Ravi Rao,Consumer,Ahmedabad,Gujarat
C03135,Sanjay Mehta,Consumer,Kolkata,West Bengal
C03136,Manish Reddy,Small Business,Panaji,Goa
C03137,Arjun Sharma,Small Business,Jaipur,Rajasthan
C03138,Sanjay Verma,Premium,Panaji,Goa
C03139,Rahul Iyer,Premium,Bhubaneswar,Odisha
C03140,Rohan Joshi,Corporate,Kolkata,West Bengal
C03141,Kiran Gupta,Premium,Raipur,Chhattisgarh
C03142,Ishita Das,Premium,Bhubaneswar,Odisha
C03143,Neha Sharma,Consumer,Bengaluru,Karnataka
C03144,Sanjay Das,Small Business,Jaipur,Rajasthan
C03145,Kavya Kumar,Corporate,Hyderabad,Telangana
C03146,Kavya Mehta,Premium,Vijayawada,Andhra Pradesh
C03147,Arjun Sharma,Consumer,Ahmedabad,Gujarat
C03148,Sanjay Kumar,Premium,Chennai,Tamil Nadu
C03149,Ananya Patel,Consumer,Bengaluru,Karnataka
C03150,Kiran Verma,Premium,Lucknow,Uttar Pradesh
C03151,Priya Mehta,Consumer,Hyderabad,Telangana
C03152,Sneha Naidu,Premium,Bengaluru,Karnataka
C03153,Rahul Das,Consumer,Jaipur,Rajasthan
C03154,Kavya Nair,Consumer,Ludhiana,Punjab
C03155,Ravi Yadav,Consumer,Lucknow,Uttar Pradesh
C03156,Neha Verma,Consumer,Raipur,Chhattisgarh
C03157,Vikram Das,Consumer,Chennai,Tamil Nadu
C03158,Sanjay Naidu,Consumer,Hyderabad,Telangana
C03159,Sanjay Verma,Corporate,Bengaluru,Karnataka
C03160,Vikram Verma,Premium,Hyderabad,Telangana
C03161,Arjun Das,Small Business,Patna,Bihar
C03162,Aarav Das,Corporate,Kochi,Kerala
C03163,Aarav Mehta,Small Business,New Delhi,Delhi
C03164,Arjun Nair,Corporate,Vijayawada,Andhra Pradesh
C03165,Rohan Iyer,Premium,Jaipur,Rajasthan
C03166,Arjun Das,Consumer,Vijayawada,Andhra Pradesh
C03167,Manish Patel,Consumer,Bhubaneswar,Odisha
C03168,Rahul Gupta,Small Business,Jaipur,Rajasthan
C03169,Kiran Naidu,Small Business,Ahmedabad,Gujarat
C03170,Sanjay Patel,Premium,Jaipur,Rajasthan
C03171,Kiran Gupta,Corporate,Bengaluru,Karnataka
C03172,Rahul Nair,Consumer,Panaji,Goa
C03173,Kavya Yadav,Small Business,Raipur,Chhattisgarh
C03174,Arjun Mishra,Consumer,Raipur,Chhattisgarh
C03175,Ananya Singh,Consumer,Hyderabad,Telangana
C03176,Ananya Mehta,Consumer,Lucknow,Uttar Pradesh
C03177,Rohan Singh,Consumer,Chennai,Tamil Nadu
C03178,Pooja Rao,Corporate,Vijayawada,Andhra Pradesh
C03179,Neha Yadav,Consumer,Ludhiana,Punjab
C03180,Aditya Mishra,Consumer,Vijayawada,Andhra Pradesh
C03181,Sneha Patel,Corporate,Jaipur,Rajasthan
C03182,Sneha Yadav,Corporate,Lucknow,Uttar Pradesh
C03183,Nikhil Singh,Consumer,Mumbai,Maharashtra
C03184,Ishita Patel,Consumer,Indore,Madhya Pradesh
C03185,Kiran Nair,Consumer,Kolkata,West Bengal
C03186,Vikram Patel,Consumer,Lucknow,Uttar Pradesh
C03187,Pooja Mehta,Premium,Panaji,Goa
C03188,Sanjay Patel,Consumer,Kolkata,West Bengal
C03189,Nikhil Das,Corporate,Indore,Madhya Pradesh
C03190,Arjun Joshi,Consumer,Kolkata,West Bengal
C03191,Sanjay Iyer,Corporate,Ranchi,Jharkhand
C03192,Meera Joshi,Consumer,Ludhiana,Punjab
C03193,Rohan Naidu,Consumer,Indore,Madhya Pradesh
C03194,Rahul Sharma,Consumer,Bhubaneswar,Odisha
C03195,Manish Naidu,Consumer,Chennai,Tamil Nadu
C03196,Priya Nair,Small Business,Ahmedabad,Gujarat
C03197,Pooja Naidu,Consumer,Kochi,Kerala
C03198,Kavya Yadav,Premium,Indore,Madhya Pradesh
C03199,Sneha Das,Consumer,Chennai,Tamil Nadu
C03200,Priya Verma,Consumer,Ludhiana,Punjab
C03201,Aarav Kumar,Consumer,Mumbai,Maharashtra
C03202,Meera Nair,Consumer,Ranchi,Jharkhand
C03203,Kiran Das,Consumer,Ranchi,Jharkhand
C03204,Ravi Iyer,Premium,Panaji,Goa
C03205,Ananya Kumar,Corporate,Kolkata,West Bengal
C03206,Ravi Nair,Consumer,Ranchi,Jharkhand
C03207,Vivaan Das,Corporate,Hyderabad,Telangana
C03208,Aditya Gupta,Small Business,Indore,Madhya Pradesh
C03209,Vikram Naidu,Consumer,Ranchi,Jharkhand
C03210,Aditya Yadav,Consumer,Patna,Bihar
C03211,Aditya Mehta,Consumer,Panaji,Goa
C03212,Aarav Naidu,Corporate,Kolkata,West Bengal
C03213,Rahul Joshi,Premium,Chennai,Tamil Nadu
C03214,Vikram Nair,Small Business,Kochi,Kerala
C03215,Aditya Naidu,Corporate,Bengaluru,Karnataka
C03216,Neha Iyer,Consumer,Raipur,Chhattisgarh
C03217,Vivaan Sharma,Premium,Raipur,Chhattisgarh
C03218,Rohan Rao,Premium,Ranchi,Jharkhand
C03219,Arjun Verma,Consumer,Ahmedabad,Gujarat
C03220,Priya Gupta,Consumer,Chennai,Tamil Nadu
C03221,Kiran Kumar,Small Business,Lucknow,Uttar Pradesh
C03222,Kavya Mishra,Corporate,Chennai,Tamil Nadu
C03223,Rahul Joshi,Consumer,Bhubaneswar,Odisha
C03224,Pooja Mehta,Corporate,Bhubaneswar,Odisha
C03225,Kiran Sharma,Small Business,Lucknow,Uttar Pradesh
C03226,Ananya Naidu,Corporate,Hyderabad,Telangana
C03227,Nikhil Nair,Consumer,Jaipur,Rajasthan
C03228,Pooja Das,Consumer,Raipur,Chhattisgarh
C03229,Priya Gupta,Premium,Indore,Madhya Pradesh
C03230,Meera Das,Consumer,Chennai,Tamil Nadu
C03231,Kiran Mishra,Small Business,Ludhiana,Punjab
C03232,Ishita Yadav,Consumer,Panaji,Goa
C03233,Priya Reddy,Consumer,Lucknow,Uttar Pradesh
C03234,Aditya Joshi,Consumer,Jaipur,Rajasthan
C03235,Arjun Kumar,Premium,Ludhiana,Punjab
C03236,Vivaan Rao,Consumer,Panaji,Goa
C03237,Meera Naidu,Consumer,Ranchi,Jharkhand
C03238,Meera Sharma,Corporate,Ranchi,Jharkhand
C03239,Ananya Mishra,Consumer,Patna,Bihar
C03240,Manish Sharma,Consumer,Kolkata,West Bengal
C03241,Meera Kumar,Consumer,Ranchi,Jharkhand
C03242,Neha Verma,Small Business,Panaji,Goa
C03243,Aditya Verma,Corporate,Patna,Bihar
C03244,Kavya Rao,Premium,Kolkata,West Bengal
C03245,Sanjay Singh,Consumer,Patna,Bihar
C03246,Arjun Singh,Consumer,Mumbai,Maharashtra
C03247,Sneha Rao,Small Business,Lucknow,Uttar Pradesh
C03248,Meera Singh,Consumer,Raipur,Chhattisgarh
C03249,Aarav Sharma,Consumer,Ranchi,Jharkhand
C03250,Ishita Naidu,Small Business,Lucknow,Uttar Pradesh
C03251,Rahul Mishra,Corporate,Bhubaneswar,Odisha
C03252,Pooja Mehta,Consumer,Kolkata,West Bengal
C03253,Arjun Reddy,Consumer,Mumbai,Maharashtra
C03254,Meera Nair,Consumer,Ludhiana,Punjab
C03255,Pooja Singh,Consumer,Mumbai,Maharashtra
C03256,Vivaan Gupta,Small Business,Patna,Bihar
C03257,Arjun Patel,Corporate,New Delhi,Delhi
C03258,Manish Rao,Small Business,Jaipur,Rajasthan
C03259,Sneha Singh,Consumer,Kochi,Kerala
C03260,Arjun Sharma,Consumer,Ludhiana,Punjab
C03261,Manish Gupta,Small Business,Kolkata,West Bengal
C03262,Meera Patel,Corporate,Indore,Madhya Pradesh
C03263,Ishita Reddy,Consumer,Ludhiana,Punjab
C03264,Ananya Yadav,Consumer,Kolkata,West Bengal
C03265,Arjun Das,Consumer,Patna,Bihar
C03266,Ananya Rao,Corporate,Raipur,Chhattisgarh
C03267,Nikhil Mishra,Small Business,Raipur,Chhattisgarh
C03268,Sneha Rao,Consumer,Chennai,Tamil Nadu
C03269,Ananya Gupta,Consumer,Mumbai,Maharashtra
C03270,Sanjay Gupta,Corporate,Lucknow,Uttar Pradesh
C03271,Neha Patel,Small Business,Lucknow,Uttar Pradesh
C03272,Ananya Gupta,Consumer,Bhubaneswar,Odisha
C03273,Priya Kumar,Consumer,Ludhiana,Punjab
C03274,Ravi Rao,Consumer,Jaipur,Rajasthan
C03275,Kiran Kumar,Corporate,Ahmedabad,Gujarat
C03276,Neha Gupta,Corporate,Ranchi,Jharkhand
C03277,Pooja Reddy,Consumer,Hyderabad,Telangana
C03278,Vivaan Das,Consumer,Panaji,Goa
C03279,Sneha Iyer,Small Business,Bengaluru,Karnataka
C03280,Sanjay Naidu,Small Business,Lucknow,Uttar Pradesh
C03281,Sneha Nair,Corporate,Panaji,Goa
C03282,Sneha Mishra,Premium,Kochi,Kerala
C03283,Ravi Singh,Small Business,Ranchi,Jharkhand
C03284,Sanjay Yadav,Corporate,Kochi,Kerala
C03285,Pooja Kumar,Corporate,Ranchi,Jharkhand
C03286,Kavya Singh,Consumer,Lucknow,Uttar Pradesh
C03287,Ravi Iyer,Small Business,Mumbai,Maharashtra
C03288,Arjun Rao,Consumer,Raipur,Chhattisgarh
C03289,Rohan Sharma,Corporate,Vijayawada,Andhra Pradesh
C03290,Pooja Naidu,Consumer,Indore,Madhya Pradesh
C03291,Neha Joshi,Consumer,Mumbai,Maharashtra
C03292,Neha Naidu,Corporate,Patna,Bihar
C03293,Aarav Patel,Small Business,Kochi,Kerala
C03294,Ananya Iyer,Small Business,Bengaluru,Karnataka
C03295,Ishita Singh,Small Business,Ludhiana,Punjab
C03296,Ananya Naidu,Consumer,Panaji,Goa
C03297,Ishita Iyer,Consumer,Kolkata,West Bengal
C03298,Priya Gupta,Small Business,Mumbai,Maharashtra
C03299,Aarav Kumar,Corporate,Bhubaneswar,Odisha
C03300,Rohan Reddy,Small Business,Panaji,Goa
C03301,Manish Nair,Consumer,Ranchi,Jharkhand
C03302,Rohan Naidu,Consumer,Hyderabad,Telangana
C03303,Vivaan Rao,Small Business,Lucknow,Uttar Pradesh
C03304,Sneha Iyer,Corporate,Ranchi,Jharkhand
C03305,Manish Verma,Corporate,Bengaluru,Karnataka
C03306,Kiran Mishra,Corporate,Ludhiana,Punjab
C03307,Sneha Sharma,Consumer,Jaipur,Rajasthan
C03308,Pooja Joshi,Consumer,Panaji,Goa
C03309,Ananya Patel,Consumer,Mumbai,Maharashtra
C03310,Ishita Sharma,Consumer,Patna,Bihar
C03311,Rahul Joshi,Consumer,Ahmedabad,Gujarat
C03312,Vivaan Singh,Small Business,Patna,Bihar
C03313,Aarav Mishra,Small Business,Hyderabad,Telangana
C03314,Ishita Joshi,Small Business,Kochi,Kerala
C03315,Ravi Joshi,Consumer,Kolkata,West Bengal
C03316,Rohan Mehta,Small Business,Raipur,Chhattisgarh
C03317,Rahul Joshi,Consumer,Ahmedabad,Gujarat
C03318,Aarav Yadav,Corporate,Raipur,Chhattisgarh
C03319,Sneha Sharma,Premium,Ludhiana,Punjab
C03320,Aarav Joshi,Consumer,Chennai,Tamil Nadu
C03321,Aarav Mishra,Consumer,Raipur,Chhattisgarh
C03322,Sanjay Nair,Corporate,Bhubaneswar,Odisha
C03323,Rohan Singh,Consumer,Ahmedabad,Gujarat
C03324,Rahul Naidu,Small Business,Jaipur,Rajasthan
C03325,Rohan Singh,Consumer,Mumbai,Maharashtra
C03326,Rohan Naidu,Consumer,Lucknow,Uttar Pradesh
C03327,Neha Nair,Consumer,Bengaluru,Karnataka
C03328,Nikhil Joshi,Consumer,Raipur,Chhattisgarh
C03329,Kavya Patel,Premium,New Delhi,Delhi
C03330,Priya Gupta,Consumer,Ahmedabad,Gujarat
C03331,Ravi Sharma,Corporate,Bengaluru,Karnataka
C03332,Nikhil Das,Consumer,Patna,Bihar
C03333,Kavya Gupta,Consumer,Jaipur,Rajasthan
C03334,Nikhil Yadav,Small Business,Bengaluru,Karnataka
C03335,Rahul Mishra,Premium,Ludhiana,Punjab
C03336,Meera Reddy,Consumer,Chennai,Tamil Nadu
C03337,Arjun Nair,Consumer,Hyderabad,Telangana
C03338,Nikhil Naidu,Consumer,Bengaluru,Karnataka
C03339,Sneha Mishra,Corporate,Lucknow,Uttar Pradesh
C03340,Manish Das,Corporate,Bhubaneswar,Odisha
C03341,Kavya Rao,Small Business,Ahmedabad,Gujarat
C03342,Neha Das,Small Business,Ludhiana,Punjab
C03343,Aditya Rao,Small Business,Patna,Bihar
C03344,Priya Singh,Small Business,Kolkata,West Bengal
C03345,Vikram Gupta,Small Business,Raipur,Chhattisgarh
C03346,Arjun Patel,Consumer,Vijayawada,Andhra Pradesh
C03347,Kiran Iyer,Consumer,New Delhi,Delhi
C03348,Ravi Das,Small Business,Raipur,Chhattisgarh
C03349,Kavya Das,Small Business,Ahmedabad,Gujarat
C03350,Sneha Gupta,Premium,Raipur,Chhattisgarh
C03351,Sneha Iyer,Consumer,Kochi,Kerala
C03352,Rohan Nair,Consumer,Bengaluru,Karnataka
C03353,Neha Reddy,Corporate,New Delhi,Delhi
C03354,Vikram Sharma,Small Business,Ahmedabad,Gujarat
C03355,Kiran Verma,Consumer,Jaipur,Rajasthan
C03356,Neha Verma,Corporate,Chennai,Tamil Nadu
C03357,Sneha Nair,Small Business,Bengaluru,Karnataka
C03358,Kiran Verma,Consumer,Bengaluru,Karnataka
C03359,Ishita Naidu,Corporate,Mumbai,Maharashtra
C03360,Pooja Gupta,Consumer,Ludhiana,Punjab
C03361,Sneha Mehta,Consumer,Indore,Madhya Pradesh
C03362,Kiran Naidu,Corporate,Bengaluru,Karnataka
C03363,Ananya Naidu,Small Business,Ludhiana,Punjab
C03364,Pooja Singh,Consumer,Vijayawada,Andhra Pradesh
C03365,Arjun Kumar,Corporate,Vijayawada,Andhra Pradesh
C03366,Sanjay Reddy,Consumer,Bhubaneswar,Odisha
C03367,Kavya Mehta,Corporate,Ranchi,Jharkhand
C03368,Ravi Kumar,Small Business,Jaipur,Rajasthan
C03369,Manish Kumar,Consumer,Hyderabad,Telangana
C03370,Kavya Iyer,Consumer,Jaipur,Rajasthan
C03371,Aarav Mishra,Premium,Patna,Bihar
C03372,Rohan Gupta,Small Business,Mumbai,Maharashtra
C03373,Sneha Rao,Consumer,Vijayawada,Andhra Pradesh
C03374,Manish Iyer,Consumer,Lucknow,Uttar Pradesh
C03375,Priya Iyer,Consumer,Hyderabad,Telangana
C03376,Aarav Joshi,Consumer,Vijayawada,Andhra Pradesh
C03377,Rohan Joshi,Consumer,Chennai,Tamil Nadu
C03378,Arjun Rao,Consumer,Ranchi,Jharkhand
C03379,Kiran Iyer,Consumer,Ranchi,Jharkhand
C03380,Ananya Verma,Corporate,Kolkata,West Bengal
C03381,Vikram Nair,Premium,Mumbai,Maharashtra
C03382,Ananya Reddy,Consumer,Ranchi,Jharkhand
C03383,Rahul Kumar,Consumer,Mumbai,Maharashtra
C03384,Aarav Nair,Consumer,Kochi,Kerala
C03385,Rohan Gupta,Premium,Mumbai,Maharashtra
C03386,Vikram Yadav,Consumer,Mumbai,Maharashtra
C03387,Pooja Gupta,Corporate,New Delhi,Delhi
C03388,Rohan Nair,Small Business,New Delhi,Delhi
C03389,Vivaan Sharma,Premium,Hyderabad,Telangana
C03390,Priya Kumar,Consumer,Ahmedabad,Gujarat
C03391,Meera Sharma,Corporate,New Delhi,Delhi
C03392,Ravi Mehta,Corporate,Bhubaneswar,Odisha
C03393,Aditya Gupta,Small Business,Kochi,Kerala
C03394,Vikram Mishra,Consumer,Jaipur,Rajasthan
C03395,Aditya Gupta,Consumer,Bhubaneswar,Odisha
C03396,Arjun Sharma,Small Business,Patna,Bihar
C03397,Sneha Nair,Consumer,Patna,Bihar
C03398,Pooja Sharma,Small Business,Mumbai,Maharashtra
C03399,Priya Patel,Consumer,Jaipur,Rajasthan
C03400,Sneha Kumar,Consumer,Chennai,Tamil Nadu
C03401,Rohan Patel,Consumer,Panaji,Goa
C03402,Pooja Rao,Consumer,Lucknow,Uttar Pradesh
C03403,Ananya Nair,Consumer,Chennai,Tamil Nadu
C03404,Kavya Sharma,Consumer,Chennai,Tamil Nadu
C03405,Meera Verma,Small Business,Ludhiana,Punjab
C03406,Vivaan Das,Consumer,Chennai,Tamil Nadu
C03407,Aarav Rao,Consumer,Kolkata,West Bengal
C03408,Vivaan Joshi,Consumer,Kochi,Kerala
C03409,Ravi Singh,Small Business,New Delhi,Delhi
C03410,Rohan Mehta,Consumer,New Delhi,Delhi
C03411,Manish Mishra,Consumer,Panaji,Goa
C03412,Aditya Kumar,Consumer,Ranchi,Jharkhand
C03413,Rahul Sharma,Consumer,Hyderabad,Telangana
C03414,Meera Verma,Small Business,Lucknow,Uttar Pradesh
C03415,Rohan Mehta,Consumer,Hyderabad,Telangana
C03416,Aarav Mehta,Corporate,Lucknow,Uttar Pradesh
C03417,Aarav Das,Consumer,Panaji,Goa
C03418,Meera Das,Corporate,Ludhiana,Punjab
C03419,Ananya Das,Small Business,Bhubaneswar,Odisha
C03420,Aarav Mehta,Corporate,Kolkata,West Bengal
C03421,Meera Verma,Small Business,Lucknow,Uttar Pradesh
C03422,Rahul Mishra,Consumer,Panaji,Goa
C03423,Rahul Patel,Consumer,Indore,Madhya Pradesh
C03424,Arjun Gupta,Consumer,Vijayawada,Andhra Pradesh
C03425,Neha Sharma,Consumer,Raipur,Chhattisgarh
C03426,Arjun Iyer,Consumer,Hyderabad,Telangana
C03427,Ananya Reddy,Premium,Bhubaneswar,Odisha
C03428,Aditya Nair,Consumer,Patna,Bihar
C03429,Aditya Singh,Corporate,Ranchi,Jharkhand
C03430,Priya Mehta,Corporate,Ranchi,Jharkhand
C03431,Arjun Joshi,Small Business,Hyderabad,Telangana
C03432,Vikram Mishra,Consumer,New Delhi,Delhi
C03433,Neha Gupta,Premium,Mumbai,Maharashtra
C03434,Aditya Singh,Small Business,Chennai,Tamil Nadu
C03435,Rahul Patel,Corporate,Chennai,Tamil Nadu
C03436,Ananya Rao,Small Business,Ludhiana,Punjab
C03437,Sanjay Patel,Consumer,Patna,Bihar
C03438,Neha Das,Corporate,Indore,Madhya Pradesh
C03439,Neha Verma,Corporate,Ahmedabad,Gujarat
C03440,Vikram Kumar,Consumer,New Delhi,Delhi
C03441,Arjun Naidu,Consumer,Chennai,Tamil Nadu
C03442,Nikhil Patel,Small Business,Mumbai,Maharashtra
C03443,Sneha Mehta,Small Business,Kochi,Kerala
C03444,Rohan Yadav,Small Business,Bengaluru,Karnataka
C03445,Ravi Gupta,Corporate,Ranchi,Jharkhand
C03446,Aarav Naidu,Premium,Ranchi,Jharkhand
C03447,Vikram Joshi,Small Business,Ahmedabad,Gujarat
C03448,Rahul Mehta,Small Business,Indore,Madhya Pradesh
C03449,Kiran Reddy,Corporate,Hyderabad,Telangana
C03450,Ishita Das,Small Business,Panaji,Goa
C03451,Sanjay Sharma,Premium,Jaipur,Rajasthan
C03452,Sneha Kumar,Premium,Kolkata,West Bengal
C03453,Vivaan Iyer,Consumer,Bengaluru,Karnataka
C03454,Neha Nair,Consumer,Jaipur,Rajasthan
C03455,Vivaan Nair,Small Business,Ahmedabad,Gujarat
C03456,Manish Kumar,Corporate,Ludhiana,Punjab
C03457,Arjun Gupta,Consumer,Bengaluru,Karnataka
C03458,Sanjay Nair,Small Business,Chennai,Tamil Nadu
C03459,Neha Iyer,Corporate,Bengaluru,Karnataka
C03460,Ishita Mehta,Premium,Patna,Bihar
C03461,Kiran Patel,Consumer,Vijayawada,Andhra Pradesh
C03462,Meera Nair,Corporate,Chennai,Tamil Nadu
C03463,Arjun Singh,Premium,Jaipur,Rajasthan
C03464,Nikhil Singh,Consumer,Indore,Madhya Pradesh
C03465,Rahul Mehta,Small Business,Jaipur,Rajasthan
C03466,Ananya Nair,Consumer,Ahmedabad,Gujarat
C03467,Priya Gupta,Consumer,Lucknow,Uttar Pradesh
C03468,Priya Gupta,Corporate,Hyderabad,Telangana
C03469,Sneha Kumar,Consumer,Bhubaneswar,Odisha
C03470,Aarav Mehta,Consumer,Indore,Madhya Pradesh
C03471,Vikram Naidu,Corporate,Patna,Bihar
C03472,Kavya Kumar,Consumer,Indore,Madhya Pradesh
C03473,Meera Singh,Corporate,Chennai,Tamil Nadu
C03474,Aditya Sharma,Consumer,Raipur,Chhattisgarh
C03475,Arjun Das,Corporate,Patna,Bihar
C03476,Ravi Mehta,Consumer,Bengaluru,Karnataka
C03477,Ishita Reddy,Small Business,Mumbai,Maharashtra
C03478,Rahul Patel,Consumer,Kolkata,West Bengal
C03479,Aditya Nair,Consumer,Lucknow,Uttar Pradesh
C03480,Nikhil Rao,Consumer,Vijayawada,Andhra Pradesh
C03481,Arjun Gupta,Small Business,Hyderabad,Telangana
C03482,Pooja Rao,Premium,Raipur,Chhattisgarh
C03483,Rahul Yadav,Small Business,Kolkata,West Bengal
C03484,Sanjay Verma,Consumer,Panaji,Goa
C03485,Kiran Singh,Corporate,Indore,Madhya Pradesh
C03486,Meera Gupta,Consumer,Lucknow,Uttar Pradesh
C03487,Rohan Das,Consumer,Ranchi,Jharkhand
C03488,Arjun Mishra,Small Business,Lucknow,Uttar Pradesh
C03489,Ananya Iyer,Consumer,New Delhi,Delhi
C03490,Vivaan Rao,Consumer,Bhubaneswar,Odisha
C03491,Priya Singh,Premium,Ludhiana,Punjab
C03492,Ravi Gupta,Consumer,Bhubaneswar,Odisha
C03493,Kavya Mishra,Consumer,Indore,Madhya Pradesh
C03494,Sneha Naidu,Small Business,Mumbai,Maharashtra
C03495,Nikhil Naidu,Consumer,New Delhi,Delhi
C03496,Neha Gupta,Premium,Kochi,Kerala
C03497,Aditya Kumar,Consumer,Ludhiana,Punjab
C03498,Rohan Mehta,Small Business,Chennai,Tamil Nadu
C03499,Pooja Naidu,Small Business,New Delhi,Delhi
C03500,Kiran Verma,Consumer,Bengaluru,Karnataka
C03501,Rohan Sharma,Consumer,Vijayawada,Andhra Pradesh
C03502,Arjun Naidu,Consumer,Lucknow,Uttar Pradesh
C03503,Kiran Patel,Corporate,Bhubaneswar,Odisha
C03504,Neha Sharma,Corporate,Kolkata,West Bengal
C03505,Rahul Naidu,Small Business,Panaji,Goa
C03506,Priya Joshi,Consumer,Ahmedabad,Gujarat
C03507,Arjun Naidu,Consumer,Chennai,Tamil Nadu
C03508,Meera Yadav,Corporate,Lucknow,Uttar Pradesh
C03509,Sanjay Mishra,Small Business,New Delhi,Delhi
C03510,Ravi Sharma,Consumer,Panaji,Goa
C03511,Vivaan Reddy,Premium,Bhubaneswar,Odisha
C03512,Meera Das,Corporate,Bengaluru,Karnataka
C03513,Sneha Mishra,Corporate,Patna,Bihar
C03514,Manish Mishra,Corporate,Jaipur,Rajasthan
C03515,Meera Joshi,Premium,Ranchi,Jharkhand
C03516,Vivaan Sharma,Consumer,Mumbai,Maharashtra
C03517,Sanjay Yadav,Consumer,Chennai,Tamil Nadu
C03518,Ishita Rao,Consumer,Kochi,Kerala
C03519,Manish Reddy,Consumer,Patna,Bihar
C03520,Aditya Naidu,Corporate,Indore,Madhya Pradesh
C03521,Sanjay Kumar,Consumer,Bhubaneswar,Odisha
C03522,Priya Sharma,Consumer,Vijayawada,Andhra Pradesh
C03523,Meera Mishra,Corporate,Patna,Bihar
C03524,Sanjay Das,Consumer,Chennai,Tamil Nadu
C03525,Ananya Mishra,Small Business,Kolkata,West Bengal
C03526,Vivaan Singh,Premium,Kolkata,West Bengal
C03527,Ravi Patel,Consumer,Chennai,Tamil Nadu
C03528,Kavya Das,Small Business,Ludhiana,Punjab
C03529,Vikram Singh,Premium,Lucknow,Uttar Pradesh
C03530,Ananya Verma,Small Business,Ranchi,Jharkhand
C03531,Sneha Patel,Small Business,Kochi,Kerala
C03532,Manish Sharma,Consumer,Bhubaneswar,Odisha
C03533,Vikram Joshi,Consumer,Ahmedabad,Gujarat
C03534,Vivaan Yadav,Consumer,Raipur,Chhattisgarh
C03535,Rohan Joshi,Corporate,Hyderabad,Telangana
C03536,Sanjay Rao,Consumer,Raipur,Chhattisgarh
C03537,Aditya Patel,Consumer,Raipur,Chhattisgarh
C03538,Meera Nair,Consumer,Chennai,Tamil Nadu
C03539,Vivaan Verma,Consumer,Bengaluru,Karnataka
C03540,Priya Naidu,Consumer,Vijayawada,Andhra Pradesh
C03541,Vivaan Gupta,Premium,New Delhi,Delhi
C03542,Sneha Mehta,Small Business,Jaipur,Rajasthan
C03543,Manish Joshi,Premium,Ahmedabad,Gujarat
C03544,Arjun Sharma,Small Business,Ludhiana,Punjab
C03545,Sanjay Joshi,Consumer,Raipur,Chhattisgarh
C03546,Arjun Mehta,Consumer,Raipur,Chhattisgarh
C03547,Kavya Singh,Corporate,Ahmedabad,Gujarat
C03548,Meera Iyer,Consumer,Ahmedabad,Gujarat
C03549,Rahul Reddy,Corporate,Ludhiana,Punjab
C03550,Aditya Iyer,Small Business,Mumbai,Maharashtra
C03551,Aditya Rao,Corporate,Jaipur,Rajasthan
C03552,Meera Sharma,Consumer,Patna,Bihar
C03553,Priya Nair,Consumer,Patna,Bihar
C03554,Sanjay Patel,Consumer,Ahmedabad,Gujarat
C03555,Vivaan Joshi,Small Business,Bengaluru,Karnataka
C03556,Aarav Joshi,Consumer,Vijayawada,Andhra Pradesh
C03557,Pooja Sharma,Consumer,Raipur,Chhattisgarh
C03558,Nikhil Patel,Consumer,Lucknow,Uttar Pradesh
C03559,Neha Mishra,Consumer,Patna,Bihar
C03560,Arjun Joshi,Premium,New Delhi,Delhi
C03561,Vikram Naidu,Consumer,Ahmedabad,Gujarat
C03562,Rohan Das,Small Business,Lucknow,Uttar Pradesh
C03563,Meera Rao,Consumer,Raipur,Chhattisgarh
C03564,Vikram Mehta,Consumer,Kochi,Kerala
C03565,Nikhil Sharma,Consumer,Kolkata,West Bengal
C03566,Ishita Verma,Consumer,Ahmedabad,Gujarat
C03567,Ravi Kumar,Corporate,Panaji,Goa
C03568,Nikhil Nair,Small Business,Chennai,Tamil Nadu
C03569,Kavya Patel,Small Business,Jaipur,Rajasthan
C03570,Nikhil Rao,Small Business,Ranchi,Jharkhand
C03571,Nikhil Das,Corporate,New Delhi,Delhi
C03572,Kiran Singh,Corporate,Vijayawada,Andhra Pradesh
C03573,Vivaan Sharma,Consumer,Bengaluru,Karnataka
C03574,Aditya Nair,Consumer,Bhubaneswar,Odisha
C03575,Pooja Reddy,Corporate,Panaji,Goa
C03576,Ishita Rao,Consumer,New Delhi,Delhi
C03577,Ananya Sharma,Consumer,Jaipur,Rajasthan
C03578,Vivaan Iyer,Consumer,Raipur,Chhattisgarh
C03579,Meera Verma,Consumer,Ranchi,Jharkhand
C03580,Vivaan Rao,Consumer,Vijayawada,Andhra Pradesh
C03581,Vikram Gupta,Corporate,Chennai,Tamil Nadu
C03582,Arjun Naidu,Consumer,Ahmedabad,Gujarat
C03583,Manish Das,Consumer,Bengaluru,Karnataka
C03584,Rohan Patel,Consumer,New Delhi,Delhi
C03585,Vikram Mishra,Corporate,Bengaluru,Karnataka
C03586,Nikhil Nair,Consumer,Indore,Madhya Pradesh
C03587,Kiran Yadav,Consumer,Kochi,Kerala
C03588,Manish Kumar,Consumer,Ludhiana,Punjab
C03589,Arjun Gupta,Consumer,Mumbai,Maharashtra
C03590,Rohan Kumar,Premium,Kolkata,West Bengal
C03591,Nikhil Reddy,Consumer,Ranchi,Jharkhand
C03592,Neha Mehta,Consumer,New Delhi,Delhi
C03593,Ananya Nair,Consumer,New Delhi,Delhi
C03594,Meera Naidu,Small Business,Hyderabad,Telangana
C03595,Nikhil Verma,Corporate,Chennai,Tamil Nadu
C03596,Kiran Mehta,Corporate,Bhubaneswar,Odisha
C03597,Priya Reddy,Corporate,Ludhiana,Punjab
C03598,Kavya Singh,Consumer,Mumbai,Maharashtra
C03599,Aditya Gupta,Consumer,Kochi,Kerala
C03600,Rohan Singh,Consumer,Jaipur,Rajasthan
C03601,Arjun Joshi,Consumer,New Delhi,Delhi
C03602,Vikram Rao,Consumer,Ranchi,Jharkhand
C03603,Ravi Naidu,Consumer,Bhubaneswar,Odisha
C03604,Rohan Patel,Small Business,Ludhiana,Punjab
C03605,Manish Mehta,Consumer,Bengaluru,Karnataka
C03606,Ananya Reddy,Consumer,Ahmedabad,Gujarat
C03607,Meera Yadav,Premium,Patna,Bihar
C03608,Aarav Mehta,Consumer,Ranchi,Jharkhand
C03609,Nikhil Yadav,Consumer,Chennai,Tamil Nadu
C03610,Aarav Iyer,Consumer,Mumbai,Maharashtra
C03611,Ravi Yadav,Small Business,Ranchi,Jharkhand
C03612,Ishita Mehta,Consumer,Ranchi,Jharkhand
C03613,Vivaan Iyer,Corporate,Raipur,Chhattisgarh
C03614,Ishita Yadav,Consumer,Patna,Bihar
C03615,Vikram Rao,Corporate,Vijayawada,Andhra Pradesh
C03616,Aditya Mehta,Premium,Ahmedabad,Gujarat
C03617,Rohan Yadav,Consumer,Bengaluru,Karnataka
C03618,Ishita Singh,Consumer,New Delhi,Delhi
C03619,Neha Verma,Consumer,Kochi,Kerala
C03620,Kiran Nair,Small Business,New Delhi,Delhi
C03621,Rahul Sharma,Small Business,Vijayawada,Andhra Pradesh
C03622,Sanjay Mehta,Small Business,Ahmedabad,Gujarat
C03623,Rahul Rao,Premium,Kochi,Kerala
C03624,Rohan Gupta,Consumer,Lucknow,Uttar Pradesh
C03625,Nikhil Gupta,Small Business,Panaji,Goa
C03626,Rahul Mishra,Consumer,Chennai,Tamil Nadu
C03627,Meera Patel,Small Business,Kochi,Kerala
C03628,Priya Yadav,Small Business,New Delhi,Delhi
C03629,Vivaan Das,Premium,Vijayawada,Andhra Pradesh
C03630,Aditya Nair,Corporate,Bhubaneswar,Odisha
C03631,Aarav Iyer,Consumer,Bengaluru,Karnataka
C03632,Ananya Rao,Premium,Indore,Madhya Pradesh
C03633,Manish Patel,Consumer,Jaipur,Rajasthan
C03634,Vivaan Kumar,Consumer,Ranchi,Jharkhand
C03635,Aditya Nair,Corporate,Kochi,Kerala
C03636,Nikhil Gupta,Consumer,Indore,Madhya Pradesh
C03637,Ananya Reddy,Small Business,Raipur,Chhattisgarh
C03638,Vivaan Reddy,Consumer,Indore,Madhya Pradesh
C03639,Kiran Mehta,Premium,Lucknow,Uttar Pradesh
C03640,Aditya Iyer,Consumer,Hyderabad,Telangana
C03641,Ishita Mishra,Consumer,Mumbai,Maharashtra
C03642,Ravi Nair,Consumer,Ahmedabad,Gujarat
C03643,Priya Joshi,Premium,Patna,Bihar
C03644,Neha Rao,Corporate,Indore,Madhya Pradesh
C03645,Rahul Iyer,Consumer,Bhubaneswar,Odisha
C03646,Manish Nair,Consumer,Jaipur,Rajasthan
C03647,Manish Gupta,Consumer,Kochi,Kerala
C03648,Manish Mehta,Consumer,Indore,Madhya Pradesh
C03649,Meera Kumar,Consumer,Chennai,Tamil Nadu
C03650,Vikram Iyer,Consumer,Mumbai,Maharashtra
C03651,Sneha Verma,Consumer,Bhubaneswar,Odisha
C03652,Sneha Sharma,Corporate,Lucknow,Uttar Pradesh
C03653,Kavya Gupta,Consumer,Bengaluru,Karnataka
C03654,Aarav Nair,Corporate,Bengaluru,Karnataka
C03655,Ravi Gupta,Corporate,Chennai,Tamil Nadu
C03656,Aarav Nair,Consumer,Panaji,Goa
C03657,Vivaan Mishra,Small Business,Kochi,Kerala
C03658,Kiran Patel,Corporate,Bengaluru,Karnataka
C03659,Neha Sharma,Small Business,Bengaluru,Karnataka
C03660,Nikhil Das,Consumer,Panaji,Goa
C03661,Ishita Gupta,Consumer,Hyderabad,Telangana
C03662,Pooja Das,Corporate,Lucknow,Uttar Pradesh
C03663,Vikram Mehta,Corporate,Kochi,Kerala
C03664,Neha Nair,Consumer,Ranchi,Jharkhand
C03665,Rohan Kumar,Corporate,Bhubaneswar,Odisha
C03666,Neha Joshi,Small Business,New Delhi,Delhi
C03667,Rohan Gupta,Small Business,Bengaluru,Karnataka
C03668,Manish Mehta,Small Business,Kolkata,West Bengal
C03669,Sanjay Naidu,Corporate,Kochi,Kerala
C03670,Aditya Naidu,Corporate,Hyderabad,Telangana
C03671,Rahul Joshi,Consumer,Indore,Madhya Pradesh
C03672,Aditya Rao,Consumer,Ranchi,Jharkhand
C03673,Priya Rao,Consumer,Indore,Madhya Pradesh
C03674,Priya Yadav,Consumer,Panaji,Goa
C03675,Sneha Mishra,Small Business,Bhubaneswar,Odisha
C03676,Rahul Patel,Consumer,Indore,Madhya Pradesh
C03677,Kavya Gupta,Corporate,Ahmedabad,Gujarat
C03678,Aditya Patel,Small Business,Indore,Madhya Pradesh
C03679,Pooja Rao,Small Business,Kochi,Kerala
C03680,Aarav Mehta,Corporate,Jaipur,Rajasthan
C03681,Pooja Iyer,Corporate,Kochi,Kerala
C03682,Pooja Verma,Small Business,Ludhiana,Punjab
C03683,Kavya Mehta,Consumer,Mumbai,Maharashtra
C03684,Kiran Das,Corporate,New Delhi,Delhi
C03685,Vikram Das,Consumer,Ludhiana,Punjab
C03686,Kavya Naidu,Small Business,Ahmedabad,Gujarat
C03687,Neha Mehta,Small Business,Patna,Bihar
C03688,Kavya Joshi,Premium,Panaji,Goa
C03689,Vivaan Verma,Corporate,Hyderabad,Telangana
C03690,Ananya Patel,Corporate,Bengaluru,Karnataka
C03691,Ishita Joshi,Consumer,Ranchi,Jharkhand
C03692,Rahul Das,Small Business,Chennai,Tamil Nadu
C03693,Priya Das,Corporate,Vijayawada,Andhra Pradesh
C03694,Kavya Verma,Small Business,Kochi,Kerala
C03695,Neha Yadav,Small Business,Kochi,Kerala
C03696,Rohan Joshi,Consumer,Mumbai,Maharashtra
C03697,Neha Kumar,Small Business,Kochi,Kerala
C03698,Kiran Singh,Small Business,Ranchi,Jharkhand
C03699,Rohan Kumar,Corporate,Panaji,Goa
C03700,Rohan Patel,Consumer,Lucknow,Uttar Pradesh
C03701,Manish Rao,Small Business,Kochi,Kerala
C03702,Priya Iyer,Corporate,Vijayawada,Andhra Pradesh
C03703,Aditya Nair,Consumer,Hyderabad,Telangana
C03704,Ishita Nair,Premium,Kochi,Kerala
C03705,Sanjay Rao,Consumer,Ahmedabad,Gujarat
C03706,Arjun Kumar,Premium,Bengaluru,Karnataka
C03707,Rahul Naidu,Corporate,Kochi,Kerala
C03708,Manish Joshi,Consumer,Kochi,Kerala
C03709,Pooja Naidu,Consumer,Jaipur,Rajasthan
C03710,Ishita Reddy,Consumer,Hyderabad,Telangana
C03711,Nikhil Das,Small Business,Mumbai,Maharashtra
C03712,Kavya Rao,Small Business,Lucknow,Uttar Pradesh
C03713,Nikhil Joshi,Premium,Ranchi,Jharkhand
C03714,Aditya Iyer,Small Business,Ahmedabad,Gujarat
C03715,Rohan Naidu,Consumer,Ranchi,Jharkhand
C03716,Aditya Naidu,Premium,Ludhiana,Punjab
C03717,Kiran Gupta,Small Business,Jaipur,Rajasthan
C03718,Ananya Nair,Consumer,Ranchi,Jharkhand
C03719,Arjun Mehta,Consumer,Chennai,Tamil Nadu
C03720,Ishita Naidu,Consumer,Hyderabad,Telangana
C03721,Pooja Das,Corporate,New Delhi,Delhi
C03722,Rahul Patel,Corporate,Ludhiana,Punjab
C03723,Kavya Verma,Consumer,Indore,Madhya Pradesh
C03724,Priya Das,Consumer,Jaipur,Rajasthan
C03725,Neha Patel,Consumer,Chennai,Tamil Nadu
C03726,Aarav Mehta,Consumer,Panaji,Goa
C03727,Manish Mishra,Consumer,Lucknow,Uttar Pradesh
C03728,Vikram Singh,Consumer,Indore,Madhya Pradesh
C03729,Manish Mishra,Consumer,Indore,Madhya Pradesh
C03730,Ravi Joshi,Consumer,Ludhiana,Punjab
C03731,Neha Reddy,Consumer,Raipur,Chhattisgarh
C03732,Sneha Mishra,Consumer,Lucknow,Uttar Pradesh
C03733,Sneha Sharma,Premium,Panaji,Goa
C03734,Vikram Verma,Premium,Ludhiana,Punjab
C03735,Kiran Verma,Consumer,Indore,Madhya Pradesh
C03736,Rahul Das,Consumer,Indore,Madhya Pradesh
C03737,Nikhil Mishra,Consumer,Chennai,Tamil Nadu
C03738,Priya Joshi,Corporate,Ranchi,Jharkhand
C03739,Rohan Singh,Corporate,Bengaluru,Karnataka
C03740,Ananya Joshi,Consumer,Kolkata,West Bengal
C03741,Manish Patel,Corporate,Ranchi,Jharkhand
C03742,Aarav Reddy,Consumer,Chennai,Tamil Nadu
C03743,Aarav Das,Corporate,Hyderabad,Telangana
C03744,Arjun Joshi,Corporate,Ahmedabad,Gujarat
C03745,Pooja Patel,Consumer,Ludhiana,Punjab
C03746,Priya Iyer,Corporate,Chennai,Tamil Nadu
C03747,Neha Verma,Small Business,Ranchi,Jharkhand
C03748,Vikram Reddy,Corporate,Vijayawada,Andhra Pradesh
C03749,Aditya Sharma,Consumer,Ludhiana,Punjab
C03750,Rohan Das,Consumer,Ludhiana,Punjab
C03751,Neha Nair,Corporate,Hyderabad,Telangana
C03752,Priya Reddy,Consumer,Chennai,Tamil Nadu
C03753,Meera Patel,Consumer,Vijayawada,Andhra Pradesh
C03754,Sneha Mishra,Small Business,Hyderabad,Telangana
C03755,Sanjay Sharma,Corporate,Ahmedabad,Gujarat
C03756,Sanjay Mehta,Consumer,Mumbai,Maharashtra
C03757,Meera Verma,Premium,Bhubaneswar,Odisha
C03758,Rohan Iyer,Consumer,Hyderabad,Telangana
C03759,Priya Patel,Consumer,Kochi,Kerala
C03760,Pooja Das,Corporate,Kochi,Kerala
C03761,Sneha Mehta,Corporate,Kochi,Kerala
C03762,Nikhil Gupta,Consumer,Kochi,Kerala
C03763,Manish Verma,Corporate,Jaipur,Rajasthan
C03764,Neha Naidu,Consumer,Lucknow,Uttar Pradesh
C03765,Manish Patel,Corporate,Ludhiana,Punjab
C03766,Ananya Patel,Consumer,Kolkata,West Bengal
C03767,Ananya Kumar,Consumer,Chennai,Tamil Nadu
C03768,Aditya Nair,Small Business,Bengaluru,Karnataka
C03769,Arjun Das,Premium,Bengaluru,Karnataka
C03770,Sanjay Das,Small Business,Bhubaneswar,Odisha
C03771,Meera Naidu,Consumer,Chennai,Tamil Nadu
C03772,Rohan Naidu,Corporate,Vijayawada,Andhra Pradesh
C03773,Ishita Das,Consumer,Ranchi,Jharkhand
C03774,Meera Rao,Corporate,Ranchi,Jharkhand
C03775,Aarav Naidu,Small Business,Mumbai,Maharashtra
C03776,Kavya Nair,Consumer,Jaipur,Rajasthan
C03777,Meera Kumar,Small Business,Patna,Bihar
C03778,Nikhil Reddy,Small Business,Chennai,Tamil Nadu
C03779,Priya Joshi,Consumer,Bhubaneswar,Odisha
C03780,Rahul Patel,Consumer,Panaji,Goa
C03781,Ravi Yadav,Consumer,Bengaluru,Karnataka
C03782,Sneha Iyer,Small Business,Patna,Bihar
C03783,Ravi Reddy,Consumer,Panaji,Goa
C03784,Meera Yadav,Consumer,Panaji,Goa
C03785,Kiran Rao,Consumer,Ludhiana,Punjab
C03786,Ananya Mishra,Consumer,Bhubaneswar,Odisha
C03787,Meera Singh,Premium,Indore,Madhya Pradesh
C03788,Kiran Yadav,Small Business,Ranchi,Jharkhand
C03789,Rohan Patel,Premium,Lucknow,Uttar Pradesh
C03790,Neha Joshi,Consumer,Ranchi,Jharkhand
C03791,Aditya Kumar,Small Business,Jaipur,Rajasthan
C03792,Priya Gupta,Consumer,Jaipur,Rajasthan
C03793,Neha Singh,Premium,Lucknow,Uttar Pradesh
C03794,Manish Singh,Consumer,Bengaluru,Karnataka
C03795,Aarav Verma,Small Business,Raipur,Chhattisgarh
C03796,Priya Reddy,Consumer,Indore,Madhya Pradesh
C03797,Ananya Sharma,Small Business,Hyderabad,Telangana
C03798,Pooja Sharma,Corporate,Kochi,Kerala
C03799,Kiran Mishra,Consumer,Ahmedabad,Gujarat
C03800,Vivaan Kumar,Consumer,New Delhi,Delhi
C03801,Vivaan Nair,Premium,Ahmedabad,Gujarat
C03802,Aarav Singh,Consumer,Chennai,Tamil Nadu
C03803,Aditya Gupta,Premium,Mumbai,Maharashtra
C03804,Pooja Mehta,Corporate,Bhubaneswar,Odisha
C03805,Ravi Joshi,Small Business,Jaipur,Rajasthan
C03806,Ananya Mehta,Consumer,Panaji,Goa
C03807,Priya Patel,Consumer,Ludhiana,Punjab
C03808,Kavya Mishra,Consumer,Vijayawada,Andhra Pradesh
C03809,Meera Mishra,Consumer,Hyderabad,Telangana
C03810,Aarav Rao,Corporate,Ranchi,Jharkhand
C03811,Ravi Reddy,Consumer,Raipur,Chhattisgarh
C03812,Kiran Nair,Premium,Vijayawada,Andhra Pradesh
C03813,Rohan Kumar,Premium,Kolkata,West Bengal
C03814,Kiran Kumar,Consumer,Ahmedabad,Gujarat
C03815,Neha Iyer,Consumer,Ludhiana,Punjab
C03816,Vikram Nair,Corporate,Bengaluru,Karnataka
C03817,Sneha Verma,Corporate,Mumbai,Maharashtra
C03818,Nikhil Iyer,Small Business,Ahmedabad,Gujarat
C03819,Ishita Patel,Small Business,Bengaluru,Karnataka
C03820,Ananya Mishra,Consumer,Ludhiana,Punjab
C03821,Nikhil Yadav,Consumer,Vijayawada,Andhra Pradesh
C03822,Ravi Sharma,Corporate,Raipur,Chhattisgarh
C03823,Ananya Naidu,Corporate,Ludhiana,Punjab
C03824,Sanjay Reddy,Consumer,Bhubaneswar,Odisha
C03825,Sanjay Verma,Small Business,Lucknow,Uttar Pradesh
C03826,Manish Singh,Consumer,Bengaluru,Karnataka
C03827,Sneha Naidu,Corporate,Hyderabad,Telangana
C03828,Kiran Das,Consumer,Vijayawada,Andhra Pradesh
C03829,Kiran Nair,Small Business,Indore,Madhya Pradesh
C03830,Kiran Joshi,Small Business,Bhubaneswar,Odisha
C03831,Aditya Gupta,Corporate,Kochi,Kerala
C03832,Ravi Das,Small Business,Chennai,Tamil Nadu
C03833,Arjun Mehta,Corporate,Panaji,Goa
C03834,Meera Patel,Consumer,Lucknow,Uttar Pradesh
C03835,Kavya Verma,Consumer,Bengaluru,Karnataka
C03836,Kiran Patel,Premium,Kochi,Kerala
C03837,Rahul Mishra,Consumer,Ludhiana,Punjab
C03838,Ravi Sharma,Consumer,Chennai,Tamil Nadu
C03839,Kavya Mehta,Consumer,Kochi,Kerala
C03840,Manish Sharma,Consumer,Bengaluru,Karnataka
C03841,Aarav Joshi,Corporate,Mumbai,Maharashtra
C03842,Vivaan Das,Consumer,Jaipur,Rajasthan
C03843,Sanjay Joshi,Consumer,Kochi,Kerala
C03844,Aarav Verma,Small Business,Kolkata,West Bengal
C03845,Vikram Gupta,Corporate,Patna,Bihar
C03846,Pooja Sharma,Premium,Ahmedabad,Gujarat
C03847,Arjun Patel,Consumer,Ahmedabad,Gujarat
C03848,Neha Gupta,Small Business,Bengaluru,Karnataka
C03849,Ravi Yadav,Corporate,Bhubaneswar,Odisha
C03850,Pooja Verma,Consumer,Raipur,Chhattisgarh
C03851,Aarav Mishra,Consumer,New Delhi,Delhi
C03852,Ravi Verma,Consumer,Raipur,Chhattisgarh
C03853,Ishita Patel,Small Business,Vijayawada,Andhra Pradesh
C03854,Nikhil Das,Small Business,Vijayawada,Andhra Pradesh
C03855,Aarav Nair,Consumer,Panaji,Goa
C03856,Vivaan Mishra,Premium,Kochi,Kerala
C03857,Neha Mehta,Consumer,New Delhi,Delhi
C03858,Nikhil Iyer,Consumer,Kochi,Kerala
C03859,Neha Naidu,Consumer,Jaipur,Rajasthan
C03860,Kiran Gupta,Consumer,Indore,Madhya Pradesh
C03861,Rohan Gupta,Consumer,Bhubaneswar,Odisha
C03862,Ishita Kumar,Consumer,Kolkata,West Bengal
C03863,Vivaan Naidu,Corporate,Lucknow,Uttar Pradesh
C03864,Vikram Joshi,Consumer,Ludhiana,Punjab
C03865,Arjun Nair,Consumer,Hyderabad,Telangana
C03866,Ananya Yadav,Consumer,Lucknow,Uttar Pradesh
C03867,Ananya Nair,Small Business,Raipur,Chhattisgarh
C03868,Vikram Kumar,Premium,Bengaluru,Karnataka
C03869,Aarav Yadav,Corporate,Patna,Bihar
C03870,Rohan Patel,Consumer,Patna,Bihar
C03871,Kiran Kumar,Small Business,Ahmedabad,Gujarat
C03872,Sneha Kumar,Consumer,Patna,Bihar
C03873,Rahul Das,Corporate,Raipur,Chhattisgarh
C03874,Ananya Rao,Consumer,Chennai,Tamil Nadu
C03875,Sanjay Patel,Small Business,Jaipur,Rajasthan
C03876,Ishita Sharma,Premium,Bhubaneswar,Odisha
C03877,Neha Mehta,Consumer,Chennai,Tamil Nadu
C03878,Pooja Yadav,Corporate,Lucknow,Uttar Pradesh
C03879,Ravi Joshi,Small Business,Raipur,Chhattisgarh
C03880,Ananya Das,Premium,Ludhiana,Punjab
C03881,Rahul Rao,Small Business,Hyderabad,Telangana
C03882,Sanjay Joshi,Corporate,Kochi,Kerala
C03883,Meera Sharma,Small Business,Bengaluru,Karnataka
C03884,Sneha Rao,Small Business,Lucknow,Uttar Pradesh
C03885,Aditya Nair,Small Business,Ahmedabad,Gujarat
C03886,Rahul Singh,Consumer,Ludhiana,Punjab
C03887,Vikram Gupta,Consumer,New Delhi,Delhi
C03888,Kiran Reddy,Small Business,Jaipur,Rajasthan
C03889,Rahul Iyer,Corporate,New Delhi,Delhi
C03890,Meera Sharma,Consumer,Lucknow,Uttar Pradesh
C03891,Nikhil Das,Consumer,Chennai,Tamil Nadu
C03892,Rahul Mehta,Consumer,Ludhiana,Punjab
C03893,Vivaan Mehta,Consumer,Bhubaneswar,Odisha
C03894,Vivaan Patel,Small Business,Kolkata,West Bengal
C03895,Rohan Kumar,Consumer,Chennai,Tamil Nadu
C03896,Meera Mehta,Small Business,Mumbai,Maharashtra
C03897,Manish Mehta,Small Business,Ludhiana,Punjab
C03898,Vikram Nair,Consumer,Vijayawada,Andhra Pradesh
C03899,Aarav Das,Consumer,Kochi,Kerala
C03900,Aarav Iyer,Corporate,Patna,Bihar
C03901,Aarav Nair,Small Business,Ranchi,Jharkhand
C03902,Ravi Verma,Corporate,Ranchi,Jharkhand
C03903,Priya Patel,Consumer,Ludhiana,Punjab
C03904,Vivaan Verma,Consumer,Bhubaneswar,Odisha
C03905,Priya Mehta,Consumer,Vijayawada,Andhra Pradesh
C03906,Aditya Naidu,Consumer,New Delhi,Delhi
C03907,Aarav Reddy,Corporate,Jaipur,Rajasthan
C03908,Ishita Kumar,Corporate,Ahmedabad,Gujarat
C03909,Meera Iyer,Premium,Indore,Madhya Pradesh
C03910,Neha Rao,Corporate,Hyderabad,Telangana
C03911,Aditya Joshi,Small Business,Raipur,Chhattisgarh
C03912,Vivaan Reddy,Consumer,Kolkata,West Bengal
C03913,Rohan Das,Premium,Panaji,Goa
C03914,Kiran Nair,Corporate,Bengaluru,Karnataka
C03915,Nikhil Nair,Small Business,Bhubaneswar,Odisha
C03916,Kavya Rao,Consumer,Patna,Bihar
C03917,Rohan Verma,Consumer,Panaji,Goa
C03918,Priya Kumar,Consumer,Ahmedabad,Gujarat
C03919,Ananya Sharma,Consumer,Ranchi,Jharkhand
C03920,Arjun Rao,Consumer,Mumbai,Maharashtra
C03921,Meera Patel,Consumer,Bengaluru,Karnataka
C03922,Priya Sharma,Consumer,Kolkata,West Bengal
C03923,Arjun Rao,Premium,Ahmedabad,Gujarat
C03924,Rohan Kumar,Consumer,Panaji,Goa
C03925,Meera Reddy,Consumer,New Delhi,Delhi
C03926,Vivaan Kumar,Premium,Lucknow,Uttar Pradesh
C03927,Aditya Naidu,Small Business,Raipur,Chhattisgarh
C03928,Priya Singh,Small Business,Ludhiana,Punjab
C03929,Arjun Naidu,Consumer,Kolkata,West Bengal
C03930,Vivaan Naidu,Consumer,Mumbai,Maharashtra
C03931,Aditya Kumar,Consumer,Bengaluru,Karnataka
C03932,Ravi Yadav,Corporate,Raipur,Chhattisgarh
C03933,Neha Singh,Small Business,Lucknow,Uttar Pradesh
C03934,Manish Reddy,Premium,Bhubaneswar,Odisha
C03935,Manish Rao,Corporate,Lucknow,Uttar Pradesh
C03936,Meera Joshi,Corporate,Raipur,Chhattisgarh
C03937,Aarav Patel,Corporate,Ranchi,Jharkhand
C03938,Kiran Iyer,Consumer,New Delhi,Delhi
C03939,Priya Das,Consumer,Kolkata,West Bengal
C03940,Nikhil Naidu,Small Business,Ludhiana,Punjab
C03941,Aarav Iyer,Corporate,New Delhi,Delhi
C03942,Ravi Gupta,Small Business,Bengaluru,Karnataka
C03943,Arjun Iyer,Consumer,New Delhi,Delhi
C03944,Ishita Das,Premium,Bengaluru,Karnataka
C03945,Sanjay Reddy,Small Business,Patna,Bihar
C03946,Priya Reddy,Corporate,New Delhi,Delhi
C03947,Manish Reddy,Premium,Ludhiana,Punjab
C03948,Arjun Patel,Consumer,Panaji,Goa
C03949,Sneha Joshi,Consumer,Ludhiana,Punjab
C03950,Kiran Mehta,Consumer,Raipur,Chhattisgarh
C03951,Meera Patel,Consumer,Kolkata,West Bengal
C03952,Aarav Das,Small Business,Jaipur,Rajasthan
C03953,Sneha Naidu,Consumer,Ahmedabad,Gujarat
C03954,Vivaan Naidu,Corporate,Vijayawada,Andhra Pradesh
C03955,Ravi Joshi,Small Business,Lucknow,Uttar Pradesh
C03956,Meera Kumar,Consumer,Kolkata,West Bengal
C03957,Pooja Mehta,Consumer,Ludhiana,Punjab
C03958,Sneha Iyer,Small Business,Hyderabad,Telangana
C03959,Pooja Mehta,Premium,Mumbai,Maharashtra
C03960,Nikhil Kumar,Consumer,Bengaluru,Karnataka
C03961,Nikhil Mehta,Premium,New Delhi,Delhi
C03962,Manish Mehta,Corporate,Bhubaneswar,Odisha
C03963,Rohan Mehta,Premium,Hyderabad,Telangana
C03964,Priya Mishra,Consumer,Mumbai,Maharashtra
C03965,Kiran Verma,Consumer,Ahmedabad,Gujarat
C03966,Ananya Mishra,Consumer,Mumbai,Maharashtra
C03967,Ananya Iyer,Corporate,Bengaluru,Karnataka
C03968,Rohan Verma,Consumer,Raipur,Chhattisgarh
C03969,Vivaan Joshi,Consumer,Bengaluru,Karnataka
C03970,Aarav Kumar,Consumer,Vijayawada,Andhra Pradesh
C03971,Vikram Singh,Premium,Vijayawada,Andhra Pradesh
C03972,Pooja Reddy,Consumer,Bengaluru,Karnataka
C03973,Sanjay Mehta,Consumer,Raipur,Chhattisgarh
C03974,Kavya Mishra,Corporate,Hyderabad,Telangana
C03975,Rahul Rao,Corporate,Vijayawada,Andhra Pradesh
C03976,Pooja Rao,Consumer,Bhubaneswar,Odisha
C03977,Aarav Gupta,Consumer,Raipur,Chhattisgarh
C03978,Sanjay Kumar,Consumer,Patna,Bihar
C03979,Manish Mehta,Consumer,Kochi,Kerala
C03980,Ananya Gupta,Corporate,Bengaluru,Karnataka
C03981,Priya Mehta,Consumer,Bengaluru,Karnataka
C03982,Arjun Rao,Consumer,Raipur,Chhattisgarh
C03983,Vikram Singh,Small Business,Hyderabad,Telangana
C03984,Ananya Rao,Small Business,New Delhi,Delhi
C03985,Aditya Sharma,Consumer,Chennai,Tamil Nadu
C03986,Sneha Joshi,Consumer,Jaipur,Rajasthan
C03987,Nikhil Mishra,Small Business,Patna,Bihar
C03988,Sanjay Yadav,Consumer,Raipur,Chhattisgarh
C03989,Sneha Naidu,Small Business,Panaji,Goa
C03990,Nikhil Patel,Consumer,Mumbai,Maharashtra
C03991,Pooja Gupta,Small Business,Bhubaneswar,Odisha
C03992,Priya Singh,Corporate,Hyderabad,Telangana
C03993,Sanjay Rao,Consumer,Jaipur,Rajasthan
C03994,Rohan Sharma,Consumer,Jaipur,Rajasthan
C03995,Vivaan Das,Consumer,Bhubaneswar,Odisha
C03996,Vikram Patel,Consumer,Jaipur,Rajasthan
C03997,Manish Iyer,Consumer,Chennai,Tamil Nadu
C03998,Arjun Verma,Consumer,Chennai,Tamil Nadu
C03999,Manish Gupta,Corporate,Ahmedabad,Gujarat
C04000,Nikhil Iyer,Small Business,Hyderabad,Telangana
C04001,Pooja Yadav,Consumer,Patna,Bihar
C04002,Sneha Verma,Small Business,Bhubaneswar,Odisha
C04003,Neha Sharma,Consumer,Hyderabad,Telangana
C04004,Nikhil Singh,Consumer,Lucknow,Uttar Pradesh
C04005,Aarav Verma,Consumer,Bhubaneswar,Odisha
C04006,Aarav Nair,Small Business,Panaji,Goa
C04007,Neha Sharma,Consumer,Mumbai,Maharashtra
C04008,Rohan Sharma,Corporate,Kolkata,West Bengal
C04009,Ravi Singh,Corporate,Panaji,Goa
C04010,Ravi Das,Small Business,Kolkata,West Bengal
C04011,Meera Mishra,Consumer,New Delhi,Delhi
C04012,Ananya Reddy,Consumer,Bhubaneswar,Odisha
C04013,Sneha Yadav,Consumer,New Delhi,Delhi
C04014,Meera Singh,Small Business,Bhubaneswar,Odisha
C04015,Rahul Nair,Consumer,Kolkata,West Bengal
C04016,Sneha Rao,Consumer,Patna,Bihar
C04017,Rohan Rao,Consumer,Ranchi,Jharkhand
C04018,Ishita Rao,Consumer,Bengaluru,Karnataka
C04019,Ishita Naidu,Consumer,Jaipur,Rajasthan
C04020,Ravi Sharma,Premium,Bengaluru,Karnataka
C04021,Ishita Reddy,Premium,Bengaluru,Karnataka
C04022,Sanjay Rao,Corporate,Ranchi,Jharkhand
C04023,Vikram Reddy,Consumer,Kochi,Kerala
C04024,Priya Gupta,Premium,Indore,Madhya Pradesh
C04025,Ravi Reddy,Consumer,Jaipur,Rajasthan
C04026,Aarav Patel,Consumer,Ranchi,Jharkhand
C04027,Ananya Reddy,Consumer,Patna,Bihar
C04028,Sneha Mehta,Consumer,New Delhi,Delhi
C04029,Pooja Patel,Corporate,Kolkata,West Bengal
C04030,Rohan Rao,Consumer,Indore,Madhya Pradesh
C04031,Aditya Kumar,Consumer,Mumbai,Maharashtra
C04032,Ananya Sharma,Premium,Bhubaneswar,Odisha
C04033,Pooja Patel,Consumer,Ludhiana,Punjab
C04034,Meera Naidu,Consumer,Indore,Madhya Pradesh
C04035,Arjun Rao,Small Business,Mumbai,Maharashtra
C04036,Rohan Verma,Consumer,Raipur,Chhattisgarh
C04037,Vikram Sharma,Small Business,Kochi,Kerala
C04038,Sanjay Rao,Consumer,Bhubaneswar,Odisha
C04039,Pooja Verma,Consumer,Panaji,Goa
C04040,Rohan Nair,Premium,Bhubaneswar,Odisha
C04041,Rahul Patel,Corporate,Patna,Bihar
C04042,Manish Joshi,Small Business,Jaipur,Rajasthan
C04043,Kavya Kumar,Consumer,Panaji,Goa
C04044,Rahul Das,Consumer,Lucknow,Uttar Pradesh
C04045,Aarav Gupta,Corporate,Hyderabad,Telangana
C04046,Sneha Naidu,Small Business,New Delhi,Delhi
C04047,Ravi Rao,Consumer,Hyderabad,Telangana
C04048,Kiran Naidu,Consumer,Ahmedabad,Gujarat
C04049,Ravi Mehta,Consumer,Raipur,Chhattisgarh
C04050,Ravi Nair,Consumer,Lucknow,Uttar Pradesh
C04051,Aarav Das,Consumer,Lucknow,Uttar Pradesh
C04052,Priya Rao,Small Business,Vijayawada,Andhra Pradesh
C04053,Kiran Sharma,Corporate,Bhubaneswar,Odisha
C04054,Kavya Sharma,Consumer,Indore,Madhya Pradesh
C04055,Manish Joshi,Premium,Ludhiana,Punjab
C04056,Aarav Singh,Small Business,Jaipur,Rajasthan
C04057,Ishita Verma,Consumer,New Delhi,Delhi
C04058,Nikhil Naidu,Consumer,Ranchi,Jharkhand
C04059,Ravi Verma,Corporate,Ranchi,Jharkhand
C04060,Pooja Rao,Small Business,Lucknow,Uttar Pradesh
C04061,Rohan Rao,Corporate,New Delhi,Delhi
C04062,Sanjay Das,Consumer,New Delhi,Delhi
C04063,Pooja Mehta,Corporate,Lucknow,Uttar Pradesh
C04064,Aditya Iyer,Small Business,New Delhi,Delhi
C04065,Ravi Joshi,Consumer,Panaji,Goa
C04066,Ishita Iyer,Consumer,Lucknow,Uttar Pradesh
C04067,Rahul Yadav,Consumer,Bhubaneswar,Odisha
C04068,Aarav Verma,Premium,Patna,Bihar
C04069,Rahul Mehta,Consumer,Ludhiana,Punjab
C04070,Vivaan Patel,Small Business,Bengaluru,Karnataka
C04071,Ishita Das,Consumer,Raipur,Chhattisgarh
C04072,Manish Joshi,Consumer,Jaipur,Rajasthan
C04073,Pooja Verma,Consumer,New Delhi,Delhi
C04074,Manish Mishra,Small Business,Ludhiana,Punjab
C04075,Vikram Reddy,Corporate,Hyderabad,Telangana
C04076,Meera Kumar,Consumer,Ludhiana,Punjab
C04077,Pooja Mishra,Corporate,Lucknow,Uttar Pradesh
C04078,Ananya Nair,Corporate,Raipur,Chhattisgarh
C04079,Ananya Patel,Consumer,Jaipur,Rajasthan
C04080,Kavya Yadav,Small Business,Bengaluru,Karnataka
C04081,Manish Naidu,Consumer,Jaipur,Rajasthan
C04082,Nikhil Nair,Consumer,Chennai,Tamil Nadu
C04083,Rahul Reddy,Corporate,Chennai,Tamil Nadu
C04084,Nikhil Iyer,Consumer,Patna,Bihar
C04085,Sneha Mehta,Consumer,Bhubaneswar,Odisha
C04086,Pooja Joshi,Consumer,Bengaluru,Karnataka
C04087,Nikhil Naidu,Consumer,Jaipur,Rajasthan
C04088,Manish Sharma,Small Business,New Delhi,Delhi
C04089,Arjun Iyer,Consumer,Ranchi,Jharkhand
C04090,Neha Singh,Corporate,Kochi,Kerala
C04091,Priya Verma,Small Business,Panaji,Goa
C04092,Ananya Gupta,Corporate,Chennai,Tamil Nadu
C04093,Aarav Mishra,Consumer,Mumbai,Maharashtra
C04094,Arjun Verma,Consumer,Ludhiana,Punjab
C04095,Nikhil Patel,Premium,Lucknow,Uttar Pradesh
C04096,Sneha Yadav,Consumer,Vijayawada,Andhra Pradesh
C04097,Vikram Joshi,Premium,Bengaluru,Karnataka
C04098,Vikram Nair,Corporate,Ahmedabad,Gujarat
C04099,Aarav Das,Consumer,Kolkata,West Bengal
C04100,Rahul Sharma,Consumer,Indore,Madhya Pradesh
C04101,Priya Das,Small Business,Lucknow,Uttar Pradesh
C04102,Rohan Patel,Consumer,Raipur,Chhattisgarh
C04103,Ishita Mishra,Consumer,Jaipur,Rajasthan
C04104,Manish Gupta,Corporate,Lucknow,Uttar Pradesh
C04105,Nikhil Das,Consumer,Raipur,Chhattisgarh
C04106,Sneha Das,Consumer,Ludhiana,Punjab
C04107,Sanjay Reddy,Consumer,Lucknow,Uttar Pradesh
C04108,Vikram Verma,Consumer,Ahmedabad,Gujarat
C04109,Rahul Rao,Small Business,Patna,Bihar
C04110,Pooja Mishra,Consumer,Jaipur,Rajasthan
C04111,Vivaan Verma,Consumer,Raipur,Chhattisgarh
C04112,Meera Patel,Small Business,New Delhi,Delhi
C04113,Nikhil Singh,Small Business,Kochi,Kerala
C04114,Ravi Iyer,Consumer,Bengaluru,Karnataka
C04115,Kavya Kumar,Consumer,Indore,Madhya Pradesh
C04116,Rohan Naidu,Corporate,Chennai,Tamil Nadu
C04117,Rohan Das,Premium,Ranchi,Jharkhand
C04118,Pooja Verma,Premium,New Delhi,Delhi
C04119,Sanjay Rao,Corporate,Patna,Bihar
C04120,Ravi Iyer,Small Business,Ahmedabad,Gujarat
C04121,Kiran Das,Consumer,Kochi,Kerala
C04122,Ishita Nair,Small Business,Bengaluru,Karnataka
C04123,Ishita Rao,Consumer,Lucknow,Uttar Pradesh
C04124,Kiran Sharma,Small Business,Jaipur,Rajasthan
C04125,Sneha Gupta,Consumer,Bengaluru,Karnataka
C04126,Vivaan Gupta,Premium,Patna,Bihar
C04127,Arjun Das,Corporate,New Delhi,Delhi
C04128,Rohan Nair,Premium,Hyderabad,Telangana
C04129,Manish Iyer,Consumer,Mumbai,Maharashtra
C04130,Meera Verma,Small Business,Bhubaneswar,Odisha
C04131,Ananya Das,Corporate,Mumbai,Maharashtra
C04132,Aditya Reddy,Consumer,Ranchi,Jharkhand
C04133,Pooja Naidu,Consumer,Chennai,Tamil Nadu
C04134,Kiran Das,Consumer,Hyderabad,Telangana
C04135,Vikram Kumar,Small Business,Ranchi,Jharkhand
C04136,Vivaan Joshi,Premium,Kolkata,West Bengal
C04137,Manish Patel,Consumer,Lucknow,Uttar Pradesh
C04138,Manish Mehta,Consumer,New Delhi,Delhi
C04139,Ravi Singh,Consumer,Patna,Bihar
C04140,Arjun Joshi,Corporate,Jaipur,Rajasthan
C04141,Manish Patel,Premium,Kolkata,West Bengal
C04142,Vivaan Sharma,Small Business,Kochi,Kerala
C04143,Manish Patel,Consumer,Jaipur,Rajasthan
C04144,Manish Mehta,Small Business,Panaji,Goa
C04145,Vikram Naidu,Small Business,New Delhi,Delhi
C04146,Meera Patel,Corporate,Lucknow,Uttar Pradesh
C04147,Ananya Mishra,Small Business,Vijayawada,Andhra Pradesh
C04148,Manish Rao,Premium,Kochi,Kerala
C04149,Neha Joshi,Consumer,New Delhi,Delhi
C04150,Kiran Gupta,Small Business,Lucknow,Uttar Pradesh
C04151,Pooja Gupta,Consumer,Lucknow,Uttar Pradesh
C04152,Vivaan Singh,Consumer,Bhubaneswar,Odisha
C04153,Ishita Mishra,Consumer,Vijayawada,Andhra Pradesh
C04154,Ishita Verma,Consumer,Panaji,Goa
C04155,Pooja Kumar,Premium,Vijayawada,Andhra Pradesh
C04156,Kavya Kumar,Corporate,Jaipur,Rajasthan
C04157,Vivaan Patel,Corporate,Jaipur,Rajasthan
C04158,Nikhil Gupta,Small Business,Patna,Bihar
C04159,Priya Mishra,Consumer,Hyderabad,Telangana
C04160,Vivaan Reddy,Small Business,Vijayawada,Andhra Pradesh
C04161,Meera Gupta,Small Business,Kochi,Kerala
C04162,Kiran Mehta,Consumer,Bhubaneswar,Odisha
C04163,Aditya Verma,Premium,Kolkata,West Bengal
C04164,Ishita Naidu,Small Business,Ahmedabad,Gujarat
C04165,Rahul Mishra,Small Business,Jaipur,Rajasthan
C04166,Aditya Kumar,Corporate,Kochi,Kerala
C04167,Kiran Patel,Corporate,Bengaluru,Karnataka
C04168,Priya Naidu,Small Business,Mumbai,Maharashtra
C04169,Priya Das,Premium,Raipur,Chhattisgarh
C04170,Sneha Nair,Consumer,Panaji,Goa
C04171,Pooja Das,Consumer,Kochi,Kerala
C04172,Vikram Mishra,Corporate,Vijayawada,Andhra Pradesh
C04173,Arjun Naidu,Premium,Ludhiana,Punjab
C04174,Rahul Iyer,Corporate,Mumbai,Maharashtra
C04175,Vivaan Iyer,Small Business,Panaji,Goa
C04176,Ravi Joshi,Consumer,Ranchi,Jharkhand
C04177,Pooja Nair,Small Business,Kolkata,West Bengal
C04178,Neha Naidu,Corporate,Indore,Madhya Pradesh
C04179,Vikram Yadav,Small Business,Kochi,Kerala
C04180,Vikram Singh,Consumer,New Delhi,Delhi
C04181,Meera Rao,Small Business,Lucknow,Uttar Pradesh
C04182,Sneha Kumar,Consumer,Panaji,Goa
C04183,Rohan Mishra,Small Business,Indore,Madhya Pradesh
C04184,Meera Verma,Consumer,Kolkata,West Bengal
C04185,Aditya Rao,Premium,Jaipur,Rajasthan
C04186,Rahul Mehta,Consumer,Kolkata,West Bengal
C04187,Kavya Joshi,Consumer,Ranchi,Jharkhand
C04188,Aditya Kumar,Consumer,Mumbai,Maharashtra
C04189,Arjun Iyer,Consumer,Patna,Bihar
C04190,Vivaan Mehta,Premium,Patna,Bihar
C04191,Neha Reddy,Small Business,Kochi,Kerala
C04192,Kavya Reddy,Consumer,New Delhi,Delhi
C04193,Priya Verma,Small Business,Kolkata,West Bengal
C04194,Sanjay Mishra,Corporate,Patna,Bihar
C04195,Sneha Patel,Small Business,Jaipur,Rajasthan
C04196,Meera Verma,Premium,Patna,Bihar
C04197,Sanjay Nair,Consumer,Bhubaneswar,Odisha
C04198,Meera Patel,Small Business,Lucknow,Uttar Pradesh
C04199,Aditya Verma,Corporate,Ludhiana,Punjab
C04200,Kiran Yadav,Small Business,New Delhi,Delhi
C04201,Ishita Mehta,Consumer,Bengaluru,Karnataka
C04202,Vikram Iyer,Consumer,Panaji,Goa
C04203,Neha Nair,Corporate,Bengaluru,Karnataka
C04204,Neha Iyer,Corporate,Ranchi,Jharkhand
C04205,Ravi Mishra,Consumer,Kochi,Kerala
C04206,Ravi Kumar,Corporate,Panaji,Goa
C04207,Rohan Reddy,Small Business,Kolkata,West Bengal
C04208,Aarav Sharma,Corporate,Lucknow,Uttar Pradesh
C04209,Arjun Gupta,Consumer,Bengaluru,Karnataka
C04210,Sanjay Kumar,Premium,Mumbai,Maharashtra
C04211,Nikhil Sharma,Corporate,Ludhiana,Punjab
C04212,Vikram Mehta,Small Business,Kolkata,West Bengal
C04213,Sneha Nair,Small Business,New Delhi,Delhi
C04214,Nikhil Naidu,Consumer,Bengaluru,Karnataka
C04215,Priya Gupta,Consumer,New Delhi,Delhi
C04216,Aarav Das,Consumer,Ahmedabad,Gujarat
C04217,Manish Yadav,Consumer,Ludhiana,Punjab
C04218,Sneha Mishra,Small Business,Patna,Bihar
C04219,Sneha Reddy,Small Business,Ranchi,Jharkhand
C04220,Ishita Gupta,Consumer,New Delhi,Delhi
C04221,Vikram Patel,Corporate,Bengaluru,Karnataka
C04222,Neha Kumar,Corporate,Vijayawada,Andhra Pradesh
C04223,Priya Joshi,Consumer,Lucknow,Uttar Pradesh
C04224,Pooja Yadav,Premium,Indore,Madhya Pradesh
C04225,Arjun Naidu,Consumer,Jaipur,Rajasthan
C04226,Manish Mishra,Corporate,Kolkata,West Bengal
C04227,Rohan Nair,Consumer,Chennai,Tamil Nadu
C04228,Neha Mehta,Small Business,Vijayawada,Andhra Pradesh
C04229,Aarav Verma,Consumer,Vijayawada,Andhra Pradesh
C04230,Sanjay Nair,Consumer,Mumbai,Maharashtra
C04231,Vikram Mehta,Consumer,Hyderabad,Telangana
C04232,Kiran Das,Consumer,Indore,Madhya Pradesh
C04233,Priya Mehta,Consumer,Indore,Madhya Pradesh
C04234,Nikhil Patel,Premium,Ludhiana,Punjab
C04235,Sanjay Das,Consumer,Lucknow,Uttar Pradesh
C04236,Vivaan Sharma,Consumer,Bhubaneswar,Odisha
C04237,Manish Singh,Corporate,Bengaluru,Karnataka
C04238,Manish Naidu,Consumer,Patna,Bihar
C04239,Neha Mehta,Consumer,Ahmedabad,Gujarat
C04240,Rohan Naidu,Small Business,Kochi,Kerala
C04241,Aditya Mehta,Corporate,Hyderabad,Telangana
C04242,Aditya Sharma,Corporate,Vijayawada,Andhra Pradesh
C04243,Neha Sharma,Consumer,Lucknow,Uttar Pradesh
C04244,Neha Patel,Premium,Mumbai,Maharashtra
C04245,Kiran Gupta,Consumer,Ludhiana,Punjab
C04246,Aarav Das,Consumer,Jaipur,Rajasthan
C04247,Vivaan Iyer,Small Business,Ludhiana,Punjab
C04248,Aditya Singh,Consumer,Bhubaneswar,Odisha
C04249,Nikhil Naidu,Consumer,Ranchi,Jharkhand
C04250,Neha Gupta,Consumer,Hyderabad,Telangana
C04251,Kavya Nair,Corporate,Kochi,Kerala
C04252,Manish Nair,Consumer,Kolkata,West Bengal
C04253,Ishita Verma,Consumer,Bengaluru,Karnataka
C04254,Arjun Iyer,Consumer,Bengaluru,Karnataka
C04255,Vivaan Naidu,Small Business,Hyderabad,Telangana
C04256,Sanjay Reddy,Small Business,Ahmedabad,Gujarat
C04257,Ishita Gupta,Consumer,Vijayawada,Andhra Pradesh
C04258,Ishita Mehta,Consumer,Ludhiana,Punjab
C04259,Manish Iyer,Consumer,Jaipur,Rajasthan
C04260,Ishita Mehta,Consumer,Kolkata,West Bengal
C04261,Priya Patel,Corporate,Vijayawada,Andhra Pradesh
C04262,Rahul Das,Small Business,Panaji,Goa
C04263,Rohan Patel,Corporate,Kochi,Kerala
C04264,Ravi Iyer,Consumer,Ludhiana,Punjab
C04265,Kiran Verma,Consumer,Lucknow,Uttar Pradesh
C04266,Vikram Patel,Corporate,Bhubaneswar,Odisha
C04267,Rohan Patel,Consumer,Kolkata,West Bengal
C04268,Rahul Das,Premium,Bengaluru,Karnataka
C04269,Priya Yadav,Small Business,Lucknow,Uttar Pradesh
C04270,Sneha Singh,Premium,Chennai,Tamil Nadu
C04271,Neha Sharma,Consumer,Vijayawada,Andhra Pradesh
C04272,Arjun Rao,Small Business,Vijayawada,Andhra Pradesh
C04273,Aditya Patel,Small Business,Raipur,Chhattisgarh
C04274,Meera Mishra,Small Business,Indore,Madhya Pradesh
C04275,Rahul Reddy,Small Business,Indore,Madhya Pradesh
C04276,Aditya Gupta,Consumer,Lucknow,Uttar Pradesh
C04277,Rohan Sharma,Small Business,Bhubaneswar,Odisha
C04278,Vivaan Verma,Corporate,Vijayawada,Andhra Pradesh
C04279,Nikhil Rao,Small Business,Patna,Bihar
C04280,Ananya Sharma,Consumer,Mumbai,Maharashtra
C04281,Arjun Joshi,Consumer,Raipur,Chhattisgarh
C04282,Kiran Verma,Consumer,Mumbai,Maharashtra
C04283,Vivaan Das,Consumer,Kochi,Kerala
C04284,Ishita Mehta,Premium,Kolkata,West Bengal
C04285,Meera Gupta,Corporate,Vijayawada,Andhra Pradesh
C04286,Nikhil Iyer,Premium,Jaipur,Rajasthan
C04287,Nikhil Mishra,Corporate,Chennai,Tamil Nadu
C04288,Ishita Mehta,Consumer,Panaji,Goa
C04289,Sneha Mishra,Small Business,Vijayawada,Andhra Pradesh
C04290,Priya Rao,Consumer,Ludhiana,Punjab
C04291,Arjun Gupta,Premium,Ludhiana,Punjab
C04292,Rohan Yadav,Consumer,Jaipur,Rajasthan
C04293,Rohan Iyer,Small Business,Chennai,Tamil Nadu
C04294,Aditya Joshi,Consumer,Patna,Bihar
C04295,Aditya Naidu,Corporate,Raipur,Chhattisgarh
C04296,Manish Gupta,Premium,Patna,Bihar
C04297,Pooja Singh,Consumer,Hyderabad,Telangana
C04298,Sneha Verma,Premium,Raipur,Chhattisgarh
C04299,Nikhil Iyer,Small Business,Mumbai,Maharashtra
C04300,Priya Verma,Consumer,Ranchi,Jharkhand
C04301,Kiran Naidu,Consumer,Bengaluru,Karnataka
C04302,Sneha Mehta,Premium,Raipur,Chhattisgarh
C04303,Nikhil Reddy,Corporate,Indore,Madhya Pradesh
C04304,Arjun Verma,Premium,Ranchi,Jharkhand
C04305,Rahul Naidu,Premium,Ahmedabad,Gujarat
C04306,Vikram Das,Corporate,Kochi,Kerala
C04307,Aditya Joshi,Premium,Kolkata,West Bengal
C04308,Ravi Nair,Consumer,Lucknow,Uttar Pradesh
C04309,Neha Singh,Premium,Bengaluru,Karnataka
C04310,Nikhil Gupta,Corporate,Indore,Madhya Pradesh
C04311,Rohan Das,Consumer,Panaji,Goa
C04312,Ananya Joshi,Corporate,New Delhi,Delhi
C04313,Vikram Yadav,Consumer,Hyderabad,Telangana
C04314,Meera Kumar,Small Business,Vijayawada,Andhra Pradesh
C04315,Rahul Rao,Premium,Raipur,Chhattisgarh
C04316,Vikram Singh,Small Business,Chennai,Tamil Nadu
C04317,Kavya Mehta,Corporate,Lucknow,Uttar Pradesh
C04318,Sneha Kumar,Small Business,Kolkata,West Bengal
C04319,Ravi Nair,Small Business,Bengaluru,Karnataka
C04320,Aarav Joshi,Premium,Ahmedabad,Gujarat
C04321,Ravi Nair,Small Business,Kochi,Kerala
C04322,Rahul Naidu,Small Business,Bengaluru,Karnataka
C04323,Aditya Gupta,Corporate,Ahmedabad,Gujarat
C04324,Ishita Rao,Small Business,Patna,Bihar
C04325,Neha Nair,Corporate,Ludhiana,Punjab
C04326,Ishita Singh,Premium,Indore,Madhya Pradesh
C04327,Neha Iyer,Consumer,Vijayawada,Andhra Pradesh
C04328,Rahul Kumar,Corporate,Lucknow,Uttar Pradesh
C04329,Ananya Gupta,Premium,Jaipur,Rajasthan
C04330,Ravi Mehta,Consumer,Raipur,Chhattisgarh
C04331,Meera Joshi,Small Business,Ludhiana,Punjab
C04332,Kiran Verma,Premium,Bengaluru,Karnataka
C04333,Kiran Gupta,Premium,Vijayawada,Andhra Pradesh
C04334,Sanjay Joshi,Small Business,Vijayawada,Andhra Pradesh
C04335,Manish Gupta,Consumer,Vijayawada,Andhra Pradesh
C04336,Arjun Joshi,Small Business,Lucknow,Uttar Pradesh
C04337,Nikhil Singh,Small Business,New Delhi,Delhi
C04338,Vivaan Singh,Corporate,Mumbai,Maharashtra
C04339,Ravi Mehta,Consumer,Jaipur,Rajasthan
C04340,Aditya Rao,Consumer,Indore,Madhya Pradesh
C04341,Aditya Sharma,Small Business,Kolkata,West Bengal
C04342,Kiran Gupta,Consumer,Ahmedabad,Gujarat
C04343,Meera Kumar,Consumer,Raipur,Chhattisgarh
C04344,Pooja Yadav,Consumer,Kochi,Kerala
C04345,Ananya Singh,Consumer,Bengaluru,Karnataka
C04346,Neha Singh,Consumer,Jaipur,Rajasthan
C04347,Vikram Rao,Consumer,Bengaluru,Karnataka
C04348,Rohan Gupta,Consumer,Raipur,Chhattisgarh
C04349,Nikhil Gupta,Small Business,Bhubaneswar,Odisha
C04350,Ananya Rao,Premium,Chennai,Tamil Nadu
C04351,Vikram Mishra,Corporate,Panaji,Goa
C04352,Aarav Patel,Small Business,Hyderabad,Telangana
C04353,Pooja Naidu,Consumer,Kochi,Kerala
C04354,Kavya Das,Consumer,Kolkata,West Bengal
C04355,Nikhil Kumar,Corporate,Indore,Madhya Pradesh
C04356,Sneha Mishra,Corporate,Bhubaneswar,Odisha
C04357,Neha Yadav,Corporate,Kolkata,West Bengal
C04358,Nikhil Rao,Consumer,Vijayawada,Andhra Pradesh
C04359,Ravi Singh,Corporate,Raipur,Chhattisgarh
C04360,Sneha Kumar,Consumer,Bengaluru,Karnataka
C04361,Sanjay Joshi,Corporate,Bhubaneswar,Odisha
C04362,Sanjay Nair,Small Business,Hyderabad,Telangana
C04363,Arjun Kumar,Consumer,Kochi,Kerala
C04364,Ishita Gupta,Consumer,Patna,Bihar
C04365,Kiran Das,Consumer,Hyderabad,Telangana
C04366,Ishita Gupta,Corporate,Lucknow,Uttar Pradesh
C04367,Priya Gupta,Consumer,Chennai,Tamil Nadu
C04368,Aarav Verma,Corporate,Chennai,Tamil Nadu
C04369,Manish Reddy,Corporate,Ludhiana,Punjab
C04370,Sanjay Reddy,Premium,Lucknow,Uttar Pradesh
C04371,Vikram Kumar,Consumer,New Delhi,Delhi
C04372,Arjun Reddy,Small Business,Ahmedabad,Gujarat
C04373,Rahul Singh,Consumer,Raipur,Chhattisgarh
C04374,Rahul Naidu,Small Business,Mumbai,Maharashtra
C04375,Manish Das,Premium,Vijayawada,Andhra Pradesh
C04376,Kiran Verma,Consumer,Indore,Madhya Pradesh
C04377,Vikram Reddy,Small Business,Bhubaneswar,Odisha
C04378,Vivaan Sharma,Consumer,Mumbai,Maharashtra
C04379,Pooja Joshi,Consumer,Panaji,Goa
C04380,Rahul Reddy,Corporate,Chennai,Tamil Nadu
C04381,Aditya Rao,Consumer,Ludhiana,Punjab
C04382,Meera Mehta,Consumer,Chennai,Tamil Nadu
C04383,Aarav Mishra,Small Business,Bengaluru,Karnataka
C04384,Sneha Kumar,Consumer,Raipur,Chhattisgarh
C04385,Arjun Kumar,Consumer,Bhubaneswar,Odisha
C04386,Ravi Yadav,Small Business,Kolkata,West Bengal
C04387,Neha Mishra,Small Business,Indore,Madhya Pradesh
C04388,Aditya Das,Small Business,Bengaluru,Karnataka
C04389,Vivaan Rao,Small Business,Ludhiana,Punjab
C04390,Sanjay Naidu,Corporate,Kolkata,West Bengal
C04391,Sneha Mehta,Small Business,Ahmedabad,Gujarat
C04392,Rahul Yadav,Corporate,Panaji,Goa
C04393,Rahul Mishra,Corporate,Kochi,Kerala
C04394,Rahul Mishra,Consumer,Bengaluru,Karnataka
C04395,Kiran Patel,Consumer,Mumbai,Maharashtra
C04396,Sneha Patel,Consumer,Raipur,Chhattisgarh
C04397,Ananya Nair,Corporate,Bengaluru,Karnataka
C04398,Vikram Nair,Corporate,Chennai,Tamil Nadu
C04399,Kavya Sharma,Consumer,Chennai,Tamil Nadu
C04400,Priya Kumar,Consumer,Bengaluru,Karnataka
C04401,Meera Patel,Corporate,Indore,Madhya Pradesh
C04402,Sanjay Kumar,Consumer,Chennai,Tamil Nadu
C04403,Arjun Sharma,Corporate,Panaji,Goa
C04404,Ishita Mehta,Consumer,Lucknow,Uttar Pradesh
C04405,Kavya Mishra,Consumer,Vijayawada,Andhra Pradesh
C04406,Kiran Reddy,Consumer,Bhubaneswar,Odisha
C04407,Vivaan Rao,Consumer,Raipur,Chhattisgarh
C04408,Priya Joshi,Small Business,Indore,Madhya Pradesh
C04409,Kiran Rao,Consumer,Lucknow,Uttar Pradesh
C04410,Ishita Verma,Consumer,Ludhiana,Punjab
C04411,Rahul Reddy,Small Business,Ahmedabad,Gujarat
C04412,Rahul Iyer,Small Business,Mumbai,Maharashtra
C04413,Vivaan Rao,Consumer,Vijayawada,Andhra Pradesh
C04414,Nikhil Mishra,Small Business,Ranchi,Jharkhand
C04415,Neha Yadav,Small Business,Kochi,Kerala
C04416,Meera Das,Consumer,Panaji,Goa
C04417,Ishita Mishra,Consumer,Chennai,Tamil Nadu
C04418,Kiran Iyer,Small Business,Hyderabad,Telangana
C04419,Priya Yadav,Consumer,Chennai,Tamil Nadu
C04420,Sneha Singh,Corporate,Vijayawada,Andhra Pradesh
C04421,Priya Reddy,Consumer,Jaipur,Rajasthan
C04422,Ishita Patel,Consumer,Patna,Bihar
C04423,Vivaan Mehta,Consumer,Patna,Bihar
C04424,Aarav Verma,Consumer,Vijayawada,Andhra Pradesh
C04425,Neha Das,Corporate,Kolkata,West Bengal
C04426,Vivaan Singh,Consumer,Indore,Madhya Pradesh
C04427,Aditya Mishra,Corporate,Ahmedabad,Gujarat
C04428,Rahul Sharma,Consumer,Jaipur,Rajasthan
C04429,Vikram Mehta,Premium,Mumbai,Maharashtra
C04430,Aarav Patel,Consumer,Mumbai,Maharashtra
C04431,Kiran Mehta,Consumer,Raipur,Chhattisgarh
C04432,Rahul Gupta,Consumer,Chennai,Tamil Nadu
C04433,Vivaan Singh,Consumer,Bhubaneswar,Odisha
C04434,Pooja Reddy,Small Business,Jaipur,Rajasthan
C04435,Rohan Rao,Premium,Bhubaneswar,Odisha
C04436,Manish Gupta,Consumer,Ranchi,Jharkhand
C04437,Ravi Singh,Consumer,Mumbai,Maharashtra
C04438,Pooja Joshi,Consumer,Ahmedabad,Gujarat
C04439,Sanjay Naidu,Small Business,Lucknow,Uttar Pradesh
C04440,Nikhil Das,Corporate,Bhubaneswar,Odisha
C04441,Sneha Verma,Premium,Vijayawada,Andhra Pradesh
C04442,Ravi Mishra,Small Business,Ranchi,Jharkhand
C04443,Neha Verma,Small Business,Vijayawada,Andhra Pradesh
C04444,Neha Sharma,Consumer,Vijayawada,Andhra Pradesh
C04445,Ananya Sharma,Corporate,Ranchi,Jharkhand
C04446,Ananya Kumar,Consumer,Jaipur,Rajasthan
C04447,Rahul Kumar,Consumer,Raipur,Chhattisgarh
C04448,Arjun Das,Consumer,Ahmedabad,Gujarat
C04449,Kiran Gupta,Consumer,Ludhiana,Punjab
C04450,Sneha Mishra,Consumer,Ahmedabad,Gujarat
C04451,Vikram Reddy,Consumer,Kochi,Kerala
C04452,Ananya Mishra,Premium,Kolkata,West Bengal
C04453,Kavya Yadav,Consumer,Raipur,Chhattisgarh
C04454,Nikhil Gupta,Consumer,Ranchi,Jharkhand
C04455,Aarav Reddy,Consumer,Jaipur,Rajasthan
C04456,Sneha Joshi,Consumer,Vijayawada,Andhra Pradesh
C04457,Kavya Singh,Consumer,New Delhi,Delhi
C04458,Rohan Patel,Corporate,Kochi,Kerala
C04459,Sneha Reddy,Consumer,Patna,Bihar
C04460,Neha Gupta,Premium,Bhubaneswar,Odisha
C04461,Vivaan Nair,Consumer,Hyderabad,Telangana
C04462,Ananya Kumar,Consumer,Panaji,Goa
C04463,Arjun Mishra,Premium,Bhubaneswar,Odisha
C04464,Vikram Patel,Consumer,Lucknow,Uttar Pradesh
C04465,Ravi Naidu,Small Business,Indore,Madhya Pradesh
C04466,Aditya Singh,Corporate,New Delhi,Delhi
C04467,Manish Verma,Small Business,Kolkata,West Bengal
C04468,Priya Iyer,Small Business,Kochi,Kerala
C04469,Arjun Das,Consumer,Kochi,Kerala
C04470,Rohan Naidu,Consumer,Panaji,Goa
C04471,Vivaan Reddy,Consumer,Patna,Bihar
C04472,Aditya Nair,Consumer,Raipur,Chhattisgarh
C04473,Kavya Verma,Consumer,Mumbai,Maharashtra
C04474,Kiran Joshi,Consumer,Kochi,Kerala
C04475,Rohan Rao,Small Business,Patna,Bihar
C04476,Pooja Kumar,Consumer,Chennai,Tamil Nadu
C04477,Vikram Gupta,Small Business,Bhubaneswar,Odisha
C04478,Ravi Gupta,Small Business,New Delhi,Delhi
C04479,Pooja Yadav,Small Business,Lucknow,Uttar Pradesh
C04480,Ananya Kumar,Premium,Indore,Madhya Pradesh
C04481,Ishita Naidu,Consumer,Ranchi,Jharkhand
C04482,Rohan Kumar,Corporate,Jaipur,Rajasthan
C04483,Ananya Gupta,Consumer,Raipur,Chhattisgarh
C04484,Vikram Joshi,Consumer,Kolkata,West Bengal
C04485,Arjun Patel,Small Business,Bengaluru,Karnataka
C04486,Arjun Joshi,Premium,Hyderabad,Telangana
C04487,Meera Iyer,Consumer,Vijayawada,Andhra Pradesh
C04488,Ishita Mishra,Premium,Bhubaneswar,Odisha
C04489,Meera Yadav,Corporate,Ranchi,Jharkhand
C04490,Manish Reddy,Consumer,Hyderabad,Telangana
C04491,Pooja Singh,Consumer,Ahmedabad,Gujarat
C04492,Rohan Reddy,Small Business,Indore,Madhya Pradesh
C04493,Aditya Kumar,Small Business,Jaipur,Rajasthan
C04494,Arjun Mishra,Consumer,Bengaluru,Karnataka
C04495,Sneha Verma,Consumer,Kolkata,West Bengal
C04496,Rohan Mehta,Small Business,Ahmedabad,Gujarat
C04497,Vikram Sharma,Consumer,Mumbai,Maharashtra
C04498,Meera Sharma,Consumer,Vijayawada,Andhra Pradesh
C04499,Aarav Gupta,Consumer,New Delhi,Delhi
C04500,Ananya Das,Corporate,Patna,Bihar
C04501,Ravi Iyer,Consumer,Ahmedabad,Gujarat
C04502,Vikram Reddy,Small Business,Ranchi,Jharkhand
C04503,Aarav Mishra,Consumer,Ahmedabad,Gujarat
C04504,Vivaan Yadav,Consumer,Vijayawada,Andhra Pradesh
C04505,Priya Iyer,Corporate,Hyderabad,Telangana
C04506,Kavya Singh,Small Business,Panaji,Goa
C04507,Meera Yadav,Consumer,Bengaluru,Karnataka
C04508,Arjun Mishra,Small Business,Panaji,Goa
C04509,Kiran Iyer,Consumer,Mumbai,Maharashtra
C04510,Aarav Reddy,Consumer,Ahmedabad,Gujarat
C04511,Aarav Mehta,Small Business,Ahmedabad,Gujarat
C04512,Pooja Mehta,Small Business,Chennai,Tamil Nadu
C04513,Kavya Verma,Consumer,Lucknow,Uttar Pradesh
C04514,Manish Das,Consumer,Ludhiana,Punjab
C04515,Sneha Reddy,Small Business,Bhubaneswar,Odisha
C04516,Priya Patel,Small Business,Ranchi,Jharkhand
C04517,Aditya Iyer,Consumer,Raipur,Chhattisgarh
C04518,Nikhil Kumar,Corporate,Bengaluru,Karnataka
C04519,Kiran Naidu,Premium,Indore,Madhya Pradesh
C04520,Rohan Joshi,Consumer,Bengaluru,Karnataka
C04521,Sneha Das,Consumer,Bhubaneswar,Odisha
C04522,Ishita Nair,Small Business,Lucknow,Uttar Pradesh
C04523,Vikram Singh,Consumer,Vijayawada,Andhra Pradesh
C04524,Sanjay Mishra,Consumer,New Delhi,Delhi
C04525,Rohan Singh,Corporate,Patna,Bihar
C04526,Arjun Reddy,Consumer,Ranchi,Jharkhand
C04527,Kiran Verma,Consumer,Kolkata,West Bengal
C04528,Ananya Patel,Corporate,Ranchi,Jharkhand
C04529,Ananya Iyer,Small Business,Hyderabad,Telangana
C04530,Kavya Sharma,Small Business,Bengaluru,Karnataka
C04531,Ishita Mishra,Small Business,Bengaluru,Karnataka
C04532,Manish Mehta,Corporate,Hyderabad,Telangana
C04533,Neha Mehta,Consumer,Lucknow,Uttar Pradesh
C04534,Ishita Das,Consumer,Bengaluru,Karnataka
C04535,Rahul Joshi,Consumer,Vijayawada,Andhra Pradesh
C04536,Kavya Mehta,Small Business,New Delhi,Delhi
C04537,Ravi Iyer,Consumer,Raipur,Chhattisgarh
C04538,Meera Mishra,Consumer,Bengaluru,Karnataka
C04539,Pooja Mehta,Consumer,Patna,Bihar
C04540,Kiran Singh,Corporate,Jaipur,Rajasthan
C04541,Aditya Sharma,Corporate,Ahmedabad,Gujarat
C04542,Manish Reddy,Small Business,Indore,Madhya Pradesh
C04543,Ananya Das,Premium,Ludhiana,Punjab
C04544,Rohan Das,Corporate,Kochi,Kerala
C04545,Ravi Mishra,Consumer,Mumbai,Maharashtra
C04546,Ananya Patel,Consumer,Lucknow,Uttar Pradesh
C04547,Ananya Das,Small Business,Kolkata,West Bengal
C04548,Arjun Verma,Corporate,New Delhi,Delhi
C04549,Ravi Patel,Consumer,Kochi,Kerala
C04550,Arjun Yadav,Small Business,Ranchi,Jharkhand
C04551,Vivaan Iyer,Consumer,Patna,Bihar
C04552,Aarav Iyer,Corporate,Ahmedabad,Gujarat
C04553,Priya Naidu,Consumer,Vijayawada,Andhra Pradesh
C04554,Sanjay Gupta,Small Business,Bhubaneswar,Odisha
C04555,Nikhil Nair,Consumer,Chennai,Tamil Nadu
C04556,Nikhil Reddy,Consumer,Bhubaneswar,Odisha
C04557,Ananya Patel,Premium,Patna,Bihar
C04558,Ishita Iyer,Consumer,Vijayawada,Andhra Pradesh
C04559,Rohan Naidu,Consumer,Raipur,Chhattisgarh
C04560,Meera Das,Consumer,Ahmedabad,Gujarat
C04561,Ravi Naidu,Consumer,Chennai,Tamil Nadu
C04562,Nikhil Naidu,Consumer,Chennai,Tamil Nadu
C04563,Aditya Rao,Consumer,Patna,Bihar
C04564,Ishita Reddy,Consumer,Ludhiana,Punjab
C04565,Vivaan Singh,Consumer,Ludhiana,Punjab
C04566,Ravi Mehta,Small Business,Lucknow,Uttar Pradesh
C04567,Aditya Yadav,Consumer,New Delhi,Delhi
C04568,Sanjay Singh,Consumer,Ahmedabad,Gujarat
C04569,Ishita Joshi,Consumer,Raipur,Chhattisgarh
C04570,Manish Iyer,Small Business,Ahmedabad,Gujarat
C04571,Vikram Gupta,Premium,Kochi,Kerala
C04572,Arjun Rao,Corporate,Kochi,Kerala
C04573,Pooja Sharma,Consumer,Jaipur,Rajasthan
C04574,Ishita Kumar,Consumer,Lucknow,Uttar Pradesh
C04575,Sneha Kumar,Small Business,Bhubaneswar,Odisha
C04576,Rahul Yadav,Premium,Bhubaneswar,Odisha
C04577,Meera Joshi,Consumer,Ahmedabad,Gujarat
C04578,Arjun Nair,Corporate,Hyderabad,Telangana
C04579,Arjun Rao,Consumer,Kochi,Kerala
C04580,Vikram Rao,Small Business,Jaipur,Rajasthan
C04581,Ananya Das,Corporate,Jaipur,Rajasthan
C04582,Rahul Nair,Consumer,Lucknow,Uttar Pradesh
C04583,Neha Yadav,Corporate,Kochi,Kerala
C04584,Pooja Kumar,Premium,Ahmedabad,Gujarat
C04585,Ishita Sharma,Consumer,Indore,Madhya Pradesh
C04586,Sanjay Gupta,Small Business,Panaji,Goa
C04587,Pooja Mehta,Small Business,Bhubaneswar,Odisha
C04588,Vikram Verma,Corporate,Kolkata,West Bengal
C04589,Ananya Kumar,Consumer,New Delhi,Delhi
C04590,Ananya Mehta,Consumer,Ludhiana,Punjab
C04591,Rahul Gupta,Premium,Lucknow,Uttar Pradesh
C04592,Rohan Joshi,Consumer,Mumbai,Maharashtra
C04593,Ananya Naidu,Small Business,Raipur,Chhattisgarh
C04594,Sanjay Naidu,Small Business,New Delhi,Delhi
C04595,Ravi Naidu,Consumer,Ahmedabad,Gujarat
C04596,Vikram Nair,Corporate,Kochi,Kerala
C04597,Rahul Sharma,Consumer,Kolkata,West Bengal
C04598,Kavya Singh,Consumer,Bhubaneswar,Odisha
C04599,Ravi Naidu,Corporate,Lucknow,Uttar Pradesh
C04600,Ananya Mishra,Small Business,Bhubaneswar,Odisha
C04601,Kiran Iyer,Consumer,Ranchi,Jharkhand
C04602,Nikhil Joshi,Consumer,Patna,Bihar
C04603,Ananya Reddy,Consumer,Bhubaneswar,Odisha
C04604,Kiran Verma,Corporate,Lucknow,Uttar Pradesh
C04605,Kavya Yadav,Consumer,Hyderabad,Telangana
C04606,Kavya Rao,Small Business,Bengaluru,Karnataka
C04607,Sanjay Mishra,Small Business,Indore,Madhya Pradesh
C04608,Arjun Nair,Premium,Mumbai,Maharashtra
C04609,Vivaan Sharma,Corporate,Bengaluru,Karnataka
C04610,Rahul Singh,Consumer,Lucknow,Uttar Pradesh
C04611,Vivaan Iyer,Corporate,Bhubaneswar,Odisha
C04612,Priya Das,Consumer,New Delhi,Delhi
C04613,Sanjay Mishra,Premium,New Delhi,Delhi
C04614,Neha Reddy,Small Business,Ahmedabad,Gujarat
C04615,Manish Sharma,Small Business,Raipur,Chhattisgarh
C04616,Sanjay Rao,Small Business,Patna,Bihar
C04617,Neha Rao,Premium,Hyderabad,Telangana
C04618,Ananya Singh,Consumer,Panaji,Goa
C04619,Manish Naidu,Consumer,Kochi,Kerala
C04620,Neha Singh,Small Business,Mumbai,Maharashtra
C04621,Sanjay Sharma,Corporate,Bengaluru,Karnataka
C04622,Nikhil Nair,Corporate,Chennai,Tamil Nadu
C04623,Pooja Rao,Consumer,Bhubaneswar,Odisha
C04624,Rohan Singh,Corporate,Ranchi,Jharkhand
C04625,Ananya Yadav,Consumer,Bhubaneswar,Odisha
C04626,Manish Kumar,Premium,New Delhi,Delhi
C04627,Vivaan Verma,Small Business,Lucknow,Uttar Pradesh
C04628,Pooja Sharma,Consumer,Jaipur,Rajasthan
C04629,Kiran Patel,Consumer,Bhubaneswar,Odisha
C04630,Sanjay Iyer,Consumer,Lucknow,Uttar Pradesh
C04631,Aarav Yadav,Consumer,Jaipur,Rajasthan
C04632,Meera Rao,Premium,Bengaluru,Karnataka
C04633,Aarav Sharma,Corporate,Bhubaneswar,Odisha
C04634,Aarav Das,Corporate,Lucknow,Uttar Pradesh
C04635,Aarav Sharma,Consumer,Ahmedabad,Gujarat
C04636,Vivaan Mehta,Consumer,Ludhiana,Punjab
C04637,Meera Naidu,Corporate,New Delhi,Delhi
C04638,Ravi Kumar,Corporate,Ludhiana,Punjab
C04639,Meera Rao,Consumer,Ranchi,Jharkhand
C04640,Pooja Kumar,Consumer,New Delhi,Delhi
C04641,Ishita Yadav,Small Business,New Delhi,Delhi
C04642,Manish Das,Corporate,Panaji,Goa
C04643,Pooja Das,Consumer,Mumbai,Maharashtra
C04644,Meera Patel,Small Business,Jaipur,Rajasthan
C04645,Nikhil Mishra,Premium,Lucknow,Uttar Pradesh
C04646,Aditya Naidu,Consumer,New Delhi,Delhi
C04647,Meera Singh,Consumer,Raipur,Chhattisgarh
C04648,Manish Sharma,Consumer,Ludhiana,Punjab
C04649,Ishita Sharma,Small Business,Hyderabad,Telangana
C04650,Kiran Iyer,Corporate,Mumbai,Maharashtra
C04651,Rohan Yadav,Consumer,Kolkata,West Bengal
C04652,Manish Patel,Consumer,New Delhi,Delhi
C04653,Aditya Naidu,Corporate,Bengaluru,Karnataka
C04654,Vivaan Verma,Consumer,Kochi,Kerala
C04655,Sanjay Yadav,Premium,Jaipur,Rajasthan
C04656,Vivaan Iyer,Consumer,Lucknow,Uttar Pradesh
C04657,Manish Singh,Corporate,Jaipur,Rajasthan
C04658,Kavya Joshi,Consumer,Indore,Madhya Pradesh
C04659,Priya Mishra,Consumer,Lucknow,Uttar Pradesh
C04660,Rahul Kumar,Consumer,Bhubaneswar,Odisha
C04661,Aditya Rao,Consumer,Indore,Madhya Pradesh
C04662,Meera Yadav,Consumer,Vijayawada,Andhra Pradesh
C04663,Vikram Mehta,Corporate,New Delhi,Delhi
C04664,Kiran Nair,Corporate,Vijayawada,Andhra Pradesh
C04665,Nikhil Naidu,Small Business,New Delhi,Delhi
C04666,Sanjay Mehta,Consumer,Ranchi,Jharkhand
C04667,Neha Mishra,Small Business,Bhubaneswar,Odisha
C04668,Ravi Kumar,Consumer,Ahmedabad,Gujarat
C04669,Aarav Patel,Corporate,Raipur,Chhattisgarh
C04670,Ananya Sharma,Consumer,Jaipur,Rajasthan
C04671,Kiran Yadav,Consumer,Lucknow,Uttar Pradesh
C04672,Arjun Sharma,Corporate,Patna,Bihar
C04673,Neha Mehta,Corporate,New Delhi,Delhi
C04674,Neha Naidu,Consumer,Patna,Bihar
C04675,Kiran Mehta,Consumer,Indore,Madhya Pradesh
C04676,Rahul Mehta,Consumer,Ranchi,Jharkhand
C04677,Priya Kumar,Corporate,Vijayawada,Andhra Pradesh
C04678,Sneha Mehta,Consumer,Chennai,Tamil Nadu
C04679,Arjun Rao,Consumer,Kolkata,West Bengal
C04680,Sanjay Gupta,Premium,Ahmedabad,Gujarat
C04681,Aditya Das,Consumer,Lucknow,Uttar Pradesh
C04682,Rohan Singh,Consumer,Panaji,Goa
C04683,Meera Patel,Small Business,New Delhi,Delhi
C04684,Aarav Gupta,Corporate,Ludhiana,Punjab
C04685,Sanjay Kumar,Premium,Mumbai,Maharashtra
C04686,Arjun Singh,Premium,Indore,Madhya Pradesh
C04687,Ravi Joshi,Corporate,Bhubaneswar,Odisha
C04688,Ravi Naidu,Consumer,Patna,Bihar
C04689,Meera Naidu,Small Business,Ludhiana,Punjab
C04690,Nikhil Mehta,Consumer,Kolkata,West Bengal
C04691,Vikram Mehta,Small Business,Ranchi,Jharkhand
C04692,Sneha Das,Small Business,Panaji,Goa
C04693,Ishita Singh,Consumer,Panaji,Goa
C04694,Priya Iyer,Small Business,Jaipur,Rajasthan
C04695,Kavya Kumar,Premium,Ahmedabad,Gujarat
C04696,Priya Rao,Small Business,Raipur,Chhattisgarh
C04697,Sneha Iyer,Consumer,Kochi,Kerala
C04698,Ananya Patel,Consumer,New Delhi,Delhi
C04699,Kavya Gupta,Consumer,Ahmedabad,Gujarat
C04700,Neha Joshi,Consumer,Chennai,Tamil Nadu
C04701,Sanjay Yadav,Consumer,Bhubaneswar,Odisha
C04702,Ananya Naidu,Small Business,Panaji,Goa
C04703,Pooja Nair,Consumer,Bhubaneswar,Odisha
C04704,Arjun Mehta,Consumer,Bhubaneswar,Odisha
C04705,Priya Gupta,Small Business,Bengaluru,Karnataka
C04706,Ishita Patel,Consumer,Kochi,Kerala
C04707,Aditya Naidu,Consumer,Panaji,Goa
C04708,Sanjay Joshi,Consumer,Kolkata,West Bengal
C04709,Ishita Das,Premium,Patna,Bihar
C04710,Aarav Rao,Consumer,Vijayawada,Andhra Pradesh
C04711,Rahul Kumar,Consumer,Ranchi,Jharkhand
C04712,Ishita Singh,Small Business,Hyderabad,Telangana
C04713,Sneha Patel,Consumer,Kolkata,West Bengal
C04714,Aarav Patel,Consumer,Vijayawada,Andhra Pradesh
C04715,Vikram Singh,Consumer,Lucknow,Uttar Pradesh
C04716,Kavya Naidu,Corporate,Hyderabad,Telangana
C04717,Manish Iyer,Small Business,Patna,Bihar
C04718,Pooja Rao,Consumer,Vijayawada,Andhra Pradesh
C04719,Ravi Joshi,Consumer,Ahmedabad,Gujarat
C04720,Kiran Mishra,Corporate,Hyderabad,Telangana
C04721,Sneha Nair,Consumer,Raipur,Chhattisgarh
C04722,Rohan Naidu,Consumer,Ahmedabad,Gujarat
C04723,Rohan Joshi,Premium,Panaji,Goa
C04724,Vivaan Mehta,Consumer,Vijayawada,Andhra Pradesh
C04725,Nikhil Singh,Small Business,Kolkata,West Bengal
C04726,Neha Sharma,Consumer,Bengaluru,Karnataka
C04727,Vivaan Rao,Premium,New Delhi,Delhi
C04728,Sneha Nair,Consumer,Ranchi,Jharkhand
C04729,Rohan Rao,Consumer,Ranchi,Jharkhand
C04730,Ishita Sharma,Corporate,New Delhi,Delhi
C04731,Kavya Das,Consumer,Lucknow,Uttar Pradesh
C04732,Neha Rao,Consumer,Raipur,Chhattisgarh
C04733,Arjun Gupta,Small Business,Jaipur,Rajasthan
C04734,Aditya Kumar,Consumer,Ludhiana,Punjab
C04735,Sanjay Verma,Corporate,Patna,Bihar
C04736,Meera Das,Corporate,Lucknow,Uttar Pradesh
C04737,Vivaan Das,Premium,Ahmedabad,Gujarat
C04738,Vikram Sharma,Consumer,Patna,Bihar
C04739,Meera Gupta,Consumer,Hyderabad,Telangana
C04740,Kavya Joshi,Small Business,Jaipur,Rajasthan
C04741,Sneha Nair,Consumer,Ahmedabad,Gujarat
C04742,Arjun Verma,Premium,Chennai,Tamil Nadu
C04743,Neha Patel,Premium,Bhubaneswar,Odisha
C04744,Nikhil Gupta,Consumer,Ahmedabad,Gujarat
C04745,Aditya Sharma,Small Business,Hyderabad,Telangana
C04746,Kiran Mehta,Consumer,Bhubaneswar,Odisha
C04747,Ananya Joshi,Premium,Kochi,Kerala
C04748,Aarav Reddy,Corporate,Kochi,Kerala
C04749,Meera Das,Consumer,Raipur,Chhattisgarh
C04750,Ravi Sharma,Corporate,Chennai,Tamil Nadu
C04751,Nikhil Nair,Premium,Ranchi,Jharkhand
C04752,Arjun Kumar,Consumer,Panaji,Goa
C04753,Manish Singh,Consumer,New Delhi,Delhi
C04754,Aarav Iyer,Small Business,Indore,Madhya Pradesh
C04755,Ishita Kumar,Consumer,Kochi,Kerala
C04756,Aditya Reddy,Corporate,Ludhiana,Punjab
C04757,Sneha Mehta,Consumer,Chennai,Tamil Nadu
C04758,Rohan Gupta,Consumer,Vijayawada,Andhra Pradesh
C04759,Kiran Nair,Consumer,Kochi,Kerala
C04760,Aditya Mishra,Corporate,Ahmedabad,Gujarat
C04761,Aditya Naidu,Consumer,Bhubaneswar,Odisha
C04762,Ananya Nair,Corporate,Panaji,Goa
C04763,Kavya Reddy,Consumer,Ranchi,Jharkhand
C04764,Rohan Singh,Consumer,Kolkata,West Bengal
C04765,Priya Patel,Small Business,Patna,Bihar
C04766,Rohan Kumar,Corporate,Panaji,Goa
C04767,Vikram Reddy,Small Business,Ranchi,Jharkhand
C04768,Meera Reddy,Consumer,Ahmedabad,Gujarat
C04769,Kiran Joshi,Consumer,Ludhiana,Punjab
C04770,Meera Naidu,Premium,Kolkata,West Bengal
C04771,Ravi Naidu,Corporate,Kochi,Kerala
C04772,Sanjay Reddy,Small Business,Mumbai,Maharashtra
C04773,Sneha Reddy,Consumer,Bengaluru,Karnataka
C04774,Vivaan Mehta,Small Business,Kochi,Kerala
C04775,Sneha Das,Small Business,Kochi,Kerala
C04776,Aarav Mishra,Small Business,New Delhi,Delhi
C04777,Kiran Nair,Small Business,Panaji,Goa
C04778,Vivaan Kumar,Consumer,Ludhiana,Punjab
C04779,Vivaan Reddy,Small Business,Jaipur,Rajasthan
C04780,Sanjay Patel,Corporate,Panaji,Goa
C04781,Aarav Verma,Small Business,Lucknow,Uttar Pradesh
C04782,Ananya Joshi,Small Business,Raipur,Chhattisgarh
C04783,Aditya Singh,Small Business,Ludhiana,Punjab
C04784,Sneha Reddy,Premium,Indore,Madhya Pradesh
C04785,Aarav Sharma,Consumer,Bengaluru,Karnataka
C04786,Ishita Das,Consumer,Ludhiana,Punjab
C04787,Vivaan Reddy,Premium,New Delhi,Delhi
C04788,Kavya Singh,Corporate,New Delhi,Delhi
C04789,Sneha Mehta,Consumer,Kochi,Kerala
C04790,Rohan Joshi,Premium,Indore,Madhya Pradesh
C04791,Vikram Gupta,Small Business,Raipur,Chhattisgarh
C04792,Ishita Rao,Consumer,Panaji,Goa
C04793,Vikram Reddy,Premium,Vijayawada,Andhra Pradesh
C04794,Aarav Iyer,Corporate,Patna,Bihar
C04795,Kiran Kumar,Consumer,Ranchi,Jharkhand
C04796,Aditya Kumar,Consumer,Bengaluru,Karnataka
C04797,Pooja Singh,Consumer,New Delhi,Delhi
C04798,Meera Gupta,Consumer,Chennai,Tamil Nadu
C04799,Aditya Joshi,Consumer,Mumbai,Maharashtra
C04800,Neha Joshi,Small Business,Chennai,Tamil Nadu
C04801,Sanjay Singh,Corporate,Jaipur,Rajasthan
C04802,Priya Yadav,Consumer,Bhubaneswar,Odisha
C04803,Kavya Sharma,Consumer,Chennai,Tamil Nadu
C04804,Priya Rao,Consumer,Panaji,Goa
C04805,Ishita Verma,Corporate,Kolkata,West Bengal
C04806,Manish Mishra,Consumer,Bengaluru,Karnataka
C04807,Vivaan Mehta,Consumer,Chennai,Tamil Nadu
C04808,Vikram Naidu,Corporate,Panaji,Goa
C04809,Meera Rao,Small Business,Panaji,Goa
C04810,Vivaan Das,Consumer,Lucknow,Uttar Pradesh
C04811,Rahul Verma,Consumer,Lucknow,Uttar Pradesh
C04812,Kiran Yadav,Corporate,Bengaluru,Karnataka
C04813,Sneha Das,Consumer,Chennai,Tamil Nadu
C04814,Pooja Reddy,Premium,Raipur,Chhattisgarh
C04815,Manish Rao,Consumer,Patna,Bihar
C04816,Manish Naidu,Small Business,Kolkata,West Bengal
C04817,Pooja Joshi,Consumer,New Delhi,Delhi
C04818,Ravi Mishra,Small Business,Vijayawada,Andhra Pradesh
C04819,Neha Rao,Corporate,Ahmedabad,Gujarat
C04820,Priya Joshi,Consumer,Lucknow,Uttar Pradesh
C04821,Vivaan Mishra,Small Business,Lucknow,Uttar Pradesh
C04822,Manish Sharma,Consumer,Chennai,Tamil Nadu
C04823,Manish Mehta,Consumer,Panaji,Goa
C04824,Ishita Singh,Small Business,Kolkata,West Bengal
C04825,Ananya Nair,Consumer,Kolkata,West Bengal
C04826,Kiran Patel,Small Business,New Delhi,Delhi
C04827,Aditya Kumar,Consumer,Indore,Madhya Pradesh
C04828,Vikram Sharma,Consumer,Lucknow,Uttar Pradesh
C04829,Sanjay Verma,Consumer,Bhubaneswar,Odisha
C04830,Arjun Kumar,Small Business,Kochi,Kerala
C04831,Ananya Rao,Corporate,Panaji,Goa
C04832,Ananya Joshi,Corporate,Raipur,Chhattisgarh
C04833,Aarav Mishra,Premium,Patna,Bihar
C04834,Neha Singh,Corporate,Ranchi,Jharkhand
C04835,Rahul Singh,Small Business,Chennai,Tamil Nadu
C04836,Aditya Naidu,Consumer,Lucknow,Uttar Pradesh
C04837,Pooja Reddy,Consumer,Ahmedabad,Gujarat
C04838,Sanjay Iyer,Corporate,Kolkata,West Bengal
C04839,Ishita Verma,Consumer,Panaji,Goa
C04840,Ananya Patel,Consumer,Ranchi,Jharkhand
C04841,Arjun Nair,Small Business,Lucknow,Uttar Pradesh
C04842,Kavya Verma,Corporate,New Delhi,Delhi
C04843,Kiran Naidu,Small Business,Chennai,Tamil Nadu
C04844,Manish Iyer,Consumer,Mumbai,Maharashtra
C04845,Manish Mishra,Consumer,Ahmedabad,Gujarat
C04846,Aarav Verma,Corporate,New Delhi,Delhi
C04847,Kiran Kumar,Corporate,Patna,Bihar
C04848,Aarav Verma,Small Business,Indore,Madhya Pradesh
C04849,Priya Gupta,Consumer,Lucknow,Uttar Pradesh
C04850,Ishita Rao,Consumer,Panaji,Goa
C04851,Arjun Patel,Consumer,Ranchi,Jharkhand
C04852,Sneha Patel,Corporate,Jaipur,Rajasthan
C04853,Rohan Singh,Corporate,Ludhiana,Punjab
C04854,Arjun Singh,Consumer,Ludhiana,Punjab
C04855,Priya Kumar,Consumer,Vijayawada,Andhra Pradesh
C04856,Meera Das,Corporate,Hyderabad,Telangana
C04857,Ananya Mishra,Consumer,Indore,Madhya Pradesh
C04858,Kavya Yadav,Small Business,Ranchi,Jharkhand
C04859,Ananya Naidu,Consumer,Lucknow,Uttar Pradesh
C04860,Pooja Yadav,Consumer,Chennai,Tamil Nadu
C04861,Sanjay Mishra,Consumer,Bhubaneswar,Odisha
C04862,Ishita Nair,Consumer,Lucknow,Uttar Pradesh
C04863,Ananya Verma,Consumer,Ludhiana,Punjab
C04864,Manish Yadav,Premium,Raipur,Chhattisgarh
C04865,Vivaan Singh,Consumer,Kochi,Kerala
C04866,Ishita Nair,Premium,Lucknow,Uttar Pradesh
C04867,Sanjay Rao,Consumer,Vijayawada,Andhra Pradesh
C04868,Rahul Joshi,Consumer,Raipur,Chhattisgarh
C04869,Sanjay Mehta,Consumer,Vijayawada,Andhra Pradesh
C04870,Ananya Sharma,Consumer,Kochi,Kerala
C04871,Arjun Kumar,Small Business,Vijayawada,Andhra Pradesh
C04872,Vikram Mehta,Consumer,Hyderabad,Telangana
C04873,Ishita Sharma,Small Business,Hyderabad,Telangana
C04874,Nikhil Rao,Corporate,Panaji,Goa
C04875,Kiran Rao,Corporate,Lucknow,Uttar Pradesh
C04876,Meera Mehta,Small Business,Kochi,Kerala
C04877,Kiran Rao,Small Business,Jaipur,Rajasthan
C04878,Arjun Sharma,Consumer,Lucknow,Uttar Pradesh
C04879,Kiran Sharma,Consumer,Kochi,Kerala
C04880,Sanjay Reddy,Corporate,Vijayawada,Andhra Pradesh
C04881,Pooja Sharma,Corporate,Ludhiana,Punjab
C04882,Rohan Gupta,Premium,Patna,Bihar
C04883,Meera Joshi,Consumer,Indore,Madhya Pradesh
C04884,Nikhil Iyer,Corporate,Lucknow,Uttar Pradesh
C04885,Pooja Reddy,Premium,Patna,Bihar
C04886,Manish Naidu,Corporate,Patna,Bihar
C04887,Nikhil Joshi,Consumer,Raipur,Chhattisgarh
C04888,Sanjay Iyer,Consumer,Raipur,Chhattisgarh
C04889,Rohan Gupta,Consumer,Raipur,Chhattisgarh
C04890,Aditya Sharma,Consumer,Mumbai,Maharashtra
C04891,Aarav Yadav,Small Business,Bhubaneswar,Odisha
C04892,Rohan Naidu,Consumer,Ludhiana,Punjab
C04893,Rohan Sharma,Consumer,Hyderabad,Telangana
C04894,Aditya Naidu,Small Business,Indore,Madhya Pradesh
C04895,Sneha Naidu,Consumer,Hyderabad,Telangana
C04896,Ravi Joshi,Consumer,Hyderabad,Telangana
C04897,Ravi Rao,Consumer,Patna,Bihar
C04898,Ishita Patel,Consumer,Ludhiana,Punjab
C04899,Arjun Rao,Corporate,Patna,Bihar
C04900,Sneha Mehta,Consumer,Kolkata,West Bengal
C04901,Rohan Verma,Corporate,Panaji,Goa
C04902,Ananya Das,Corporate,Indore,Madhya Pradesh
C04903,Sanjay Kumar,Consumer,Raipur,Chhattisgarh
C04904,Vikram Mehta,Consumer,Vijayawada,Andhra Pradesh
C04905,Ravi Mehta,Consumer,Hyderabad,Telangana
C04906,Sanjay Reddy,Small Business,Ahmedabad,Gujarat
C04907,Ishita Rao,Consumer,Ludhiana,Punjab
C04908,Rohan Patel,Consumer,Mumbai,Maharashtra
C04909,Meera Joshi,Consumer,Chennai,Tamil Nadu
C04910,Ishita Sharma,Corporate,Kochi,Kerala
C04911,Pooja Gupta,Corporate,Ahmedabad,Gujarat
C04912,Ishita Naidu,Consumer,Ludhiana,Punjab
C04913,Sanjay Naidu,Consumer,New Delhi,Delhi
C04914,Ishita Mehta,Corporate,Ludhiana,Punjab
C04915,Pooja Mishra,Consumer,Raipur,Chhattisgarh
C04916,Sanjay Yadav,Consumer,Kochi,Kerala
C04917,Aarav Naidu,Consumer,New Delhi,Delhi
C04918,Manish Mishra,Corporate,Vijayawada,Andhra Pradesh
C04919,Manish Reddy,Consumer,Chennai,Tamil Nadu
C04920,Nikhil Patel,Consumer,New Delhi,Delhi
C04921,Meera Gupta,Consumer,Raipur,Chhattisgarh
C04922,Ananya Yadav,Corporate,Hyderabad,Telangana
C04923,Aarav Nair,Consumer,Ahmedabad,Gujarat
C04924,Vikram Mishra,Corporate,Kolkata,West Bengal
C04925,Aarav Yadav,Consumer,Raipur,Chhattisgarh
C04926,Aditya Das,Consumer,Kochi,Kerala
C04927,Meera Naidu,Consumer,New Delhi,Delhi
C04928,Priya Reddy,Consumer,Lucknow,Uttar Pradesh
C04929,Ananya Yadav,Premium,Ranchi,Jharkhand
C04930,Pooja Patel,Corporate,Lucknow,Uttar Pradesh
C04931,Arjun Reddy,Consumer,Bengaluru,Karnataka
C04932,Meera Iyer,Consumer,Kolkata,West Bengal
C04933,Arjun Nair,Consumer,Indore,Madhya Pradesh
C04934,Vivaan Verma,Consumer,Jaipur,Rajasthan
C04935,Nikhil Patel,Corporate,Lucknow,Uttar Pradesh
C04936,Rahul Mishra,Corporate,Mumbai,Maharashtra
C04937,Vikram Kumar,Consumer,Kochi,Kerala
C04938,Sneha Joshi,Consumer,Lucknow,Uttar Pradesh
C04939,Ishita Verma,Consumer,Panaji,Goa
C04940,Ananya Reddy,Consumer,Indore,Madhya Pradesh
C04941,Sneha Reddy,Corporate,Ahmedabad,Gujarat
C04942,Neha Joshi,Premium,Ahmedabad,Gujarat
C04943,Ananya Yadav,Consumer,Raipur,Chhattisgarh
C04944,Pooja Nair,Consumer,Hyderabad,Telangana
C04945,Rohan Verma,Small Business,Lucknow,Uttar Pradesh
C04946,Arjun Naidu,Consumer,Ahmedabad,Gujarat
C04947,Arjun Sharma,Consumer,Lucknow,Uttar Pradesh
C04948,Kiran Naidu,Consumer,Panaji,Goa
C04949,Pooja Das,Corporate,Bengaluru,Karnataka
C04950,Aditya Patel,Corporate,Raipur,Chhattisgarh
C04951,Ananya Das,Premium,Panaji,Goa
C04952,Vikram Singh,Consumer,Panaji,Goa
C04953,Arjun Patel,Corporate,Ranchi,Jharkhand
C04954,Rohan Mehta,Corporate,Kochi,Kerala
C04955,Vikram Gupta,Consumer,Hyderabad,Telangana
C04956,Ananya Joshi,Small Business,Hyderabad,Telangana
C04957,Kavya Yadav,Small Business,Bengaluru,Karnataka
C04958,Ravi Rao,Corporate,Indore,Madhya Pradesh
C04959,Meera Mehta,Consumer,Bhubaneswar,Odisha
C04960,Neha Iyer,Consumer,Ranchi,Jharkhand
C04961,Meera Naidu,Premium,Mumbai,Maharashtra
C04962,Ishita Kumar,Consumer,Raipur,Chhattisgarh
C04963,Ishita Nair,Premium,Raipur,Chhattisgarh
C04964,Arjun Rao,Small Business,Ludhiana,Punjab
C04965,Pooja Yadav,Consumer,Lucknow,Uttar Pradesh
C04966,Ishita Das,Consumer,Kochi,Kerala
C04967,Ishita Reddy,Consumer,Ranchi,Jharkhand
C04968,Kiran Singh,Premium,Jaipur,Rajasthan
C04969,Meera Mehta,Small Business,Jaipur,Rajasthan
C04970,Vikram Nair,Premium,Patna,Bihar
C04971,Neha Verma,Consumer,Bhubaneswar,Odisha
C04972,Ravi Singh,Small Business,Lucknow,Uttar Pradesh
C04973,Vikram Iyer,Premium,Kolkata,West Bengal
C04974,Sanjay Verma,Consumer,Bhubaneswar,Odisha
C04975,Pooja Das,Small Business,Jaipur,Rajasthan
C04976,Meera Joshi,Consumer,Bengaluru,Karnataka
C04977,Neha Nair,Consumer,Ludhiana,Punjab
C04978,Kavya Singh,Consumer,Lucknow,Uttar Pradesh
C04979,Sanjay Iyer,Consumer,Kolkata,West Bengal
C04980,Aarav Patel,Consumer,Chennai,Tamil Nadu
C04981,Aditya Iyer,Consumer,Kochi,Kerala
C04982,Kiran Iyer,Consumer,Bhubaneswar,Odisha
C04983,Priya Kumar,Small Business,Bengaluru,Karnataka
C04984,Priya Naidu,Consumer,Kochi,Kerala
C04985,Nikhil Nair,Corporate,Kochi,Kerala
C04986,Aditya Das,Consumer,Mumbai,Maharashtra
C04987,Ananya Patel,Corporate,Kolkata,West Bengal
C04988,Rahul Gupta,Small Business,Hyderabad,Telangana
C04989,Rohan Joshi,Consumer,Patna,Bihar
C04990,Rohan Nair,Consumer,Raipur,Chhattisgarh
C04991,Arjun Gupta,Corporate,Hyderabad,Telangana
C04992,Ravi Patel,Corporate,Hyderabad,Telangana
C04993,Nikhil Yadav,Consumer,Kolkata,West Bengal
C04994,Nikhil Kumar,Consumer,Mumbai,Maharashtra
C04995,Priya Iyer,Consumer,Chennai,Tamil Nadu
C04996,Aditya Kumar,Corporate,Bhubaneswar,Odisha
C04997,Vikram Yadav,Premium,Kochi,Kerala
C04998,Arjun Singh,Consumer,Jaipur,Rajasthan
C04999,Ravi Patel,Small Business,Hyderabad,Telangana
C05000,Sanjay Mehta,Corporate,Kolkata,West Bengal
